Name,GP,MIN,PTS,FGM,FGA,FG%,3P Made,3PA,3P%,FTM,FTA,FT%,OREB,DREB,REB,AST,STL,BLK,TOV,TARGET_5Yrs,Id
Brandon Ingram,36,27.4,7.4,2.6,7.6,34.7,0.5,2.1,25.0,1.6,2.3,69.9,0.7,3.4,4.1,1.9,0.4,0.4,1.3,0.0,0
Malik Sealy,58,11.6,5.7,2.3,5.5,42.6,0.1,0.5,22.6,0.9,1.3,68.9,1.0,0.9,1.9,0.8,0.6,0.1,1.0,1.0,3
Matt Geiger,48,11.5,4.5,1.6,3.0,52.4,0.0,0.1,0.0,1.3,1.9,67.4,1.0,1.5,2.5,0.3,0.3,0.4,0.8,1.0,4
Don MacLean,62,10.9,6.6,2.5,5.8,43.5,0.0,0.1,50.0,1.5,1.8,81.1,0.5,1.4,2.0,0.6,0.2,0.1,0.7,1.0,6
Tracy Murray,48,10.3,5.7,2.3,5.4,41.5,0.4,1.5,30.0,0.7,0.8,87.5,0.8,0.9,1.7,0.2,0.2,0.1,0.7,1.0,7
Dave Johnson,42,8.5,3.7,1.4,3.5,38.3,0.1,0.3,21.4,1.0,1.4,67.8,0.4,0.7,1.1,0.3,0.2,0.0,0.7,0.0,9
Corey Williams,35,6.9,2.3,0.9,2.4,36.5,0.0,0.1,33.3,0.5,0.6,81.8,0.5,0.3,0.9,0.7,0.1,0.1,0.3,0.0,10
Sam Mack,40,6.7,3.6,1.2,3.0,39.8,0.1,0.6,13.6,1.1,1.5,77.6,0.5,0.8,1.2,0.4,0.3,0.1,0.6,1.0,11
P.J. Hairston,45,15.3,5.6,1.9,6.0,32.3,1.1,3.6,30.1,0.7,0.8,86.1,0.5,1.6,2.0,0.5,0.5,0.3,0.5,0.0,13
Stephen Howard,49,5.3,2.1,0.7,1.9,37.6,0.0,0.0,0.0,0.7,1.1,64.2,0.5,0.7,1.2,0.2,0.3,0.2,0.5,0.0,16
Randy Woods,41,4.2,1.7,0.6,1.6,34.8,0.1,0.3,21.4,0.5,0.6,73.1,0.1,0.2,0.3,1.0,0.3,0.0,0.4,0.0,17
Larry Johnson,82,37.2,19.2,7.5,15.3,49.0,0.1,0.3,22.7,4.1,5.0,82.9,3.9,7.0,11.0,3.6,1.0,0.6,1.9,0.0,18
Billy Owens,80,31.4,14.3,5.9,11.1,52.5,0.0,0.1,11.1,2.6,3.9,65.4,3.0,5.0,8.0,2.4,1.1,0.8,2.2,1.0,20
Stacey Augmon,82,30.5,13.3,5.4,11.0,48.9,0.0,0.1,16.7,2.6,3.9,66.6,2.3,2.8,5.1,2.5,1.5,0.3,2.2,1.0,21
Steven Smith,61,29.6,12.0,4.9,10.7,45.4,0.7,2.0,32.0,1.6,2.1,74.8,1.3,1.8,3.1,4.6,1.0,0.3,2.5,0.0,23
Mike Iuzzolino,52,24.6,9.3,3.1,6.8,45.1,1.1,2.6,43.4,2.1,2.5,83.6,0.5,1.4,1.9,3.7,0.6,0.0,1.8,0.0,26
Paul Graham,78,22.0,10.1,3.9,8.7,44.7,0.7,1.8,39.0,1.6,2.2,74.1,0.9,2.0,3.0,2.2,1.2,0.3,1.2,0.0,28
Donald Hodge,51,20.7,8.4,3.2,6.4,49.7,0.0,0.0,0.0,2.0,2.9,66.7,2.3,3.1,5.4,0.8,0.5,0.5,1.5,1.0,29
Dale Davis,64,20.3,6.2,2.4,4.4,55.2,0.0,0.0,0.0,1.4,2.4,57.2,2.5,3.9,6.4,0.5,0.4,1.2,0.8,1.0,30
Stanley Roberts,55,20.3,10.4,4.3,8.1,52.9,0.0,0.0,0.0,1.8,3.6,51.5,2.1,4.1,6.1,0.7,0.4,1.5,1.4,1.0,31
Bison Dele,48,18.9,9.1,3.6,6.8,52.8,0.0,0.0,0.0,2.0,3.0,66.9,2.4,3.3,5.7,0.7,0.8,1.1,1.8,1.0,33
Spencer Dinwiddie,34,13.4,4.3,1.5,5.0,30.2,0.4,1.9,18.5,0.9,1.0,91.2,0.1,1.3,1.4,3.1,0.6,0.2,1.0,0.0,34
Tracy Moore,42,18.6,8.5,3.1,7.7,40.0,0.7,2.0,35.7,1.5,1.9,83.3,0.7,1.2,2.0,1.1,0.8,0.1,1.1,1.0,35
Greg Anthony,82,18.4,5.5,2.0,5.3,37.0,0.1,0.7,14.5,1.4,1.9,74.1,0.4,1.3,1.7,3.8,0.7,0.1,1.2,1.0,36
Kenny Anderson,64,17.0,7.0,2.9,7.5,39.0,0.0,0.2,23.1,1.1,1.5,74.5,0.6,1.4,2.0,3.2,1.1,0.1,1.5,1.0,37
Victor Alexander,80,16.9,7.4,3.0,5.7,52.9,0.0,0.0,0.0,1.3,1.9,69.1,1.3,2.9,4.2,0.4,0.6,0.8,1.1,1.0,38
David Benoit,77,15.1,5.6,2.3,4.9,46.7,0.0,0.2,21.4,1.1,1.3,81.0,1.4,2.5,3.8,0.4,0.3,0.6,0.9,1.0,39
Kevin Lynch,55,14.9,4.1,1.7,4.1,41.7,0.1,0.1,37.5,0.6,0.8,76.1,0.5,1.0,1.5,1.5,0.7,0.2,0.8,0.0,40
LaBradford Smith,48,14.8,5.1,2.1,5.1,40.7,0.0,0.4,9.5,0.9,1.2,80.4,0.6,1.1,1.7,2.1,0.9,0.0,1.3,0.0,41
Travis Wear,51,13.2,3.9,1.6,4.1,40.2,0.2,0.6,36.7,0.4,0.5,76.9,0.6,1.5,2.1,0.8,0.3,0.2,0.7,0.0,43
Robert Pack,72,12.4,4.6,1.6,3.8,42.3,0.0,0.1,0.0,1.4,1.8,80.3,0.4,0.9,1.3,1.9,0.6,0.1,1.3,1.0,44
Pete Chilcutt,69,11.8,3.6,1.6,3.6,45.2,0.0,0.0,100.0,0.3,0.4,82.1,1.1,1.6,2.7,0.6,0.5,0.3,0.6,1.0,45
Eric Murdock,50,9.6,4.1,1.5,3.7,41.5,0.1,0.5,19.2,0.9,1.2,75.4,0.4,0.7,1.1,1.8,0.6,0.1,1.0,1.0,48
Randy Brown,56,9.6,3.4,1.4,3.0,45.6,0.0,0.1,0.0,0.7,1.0,65.5,0.5,0.8,1.2,1.1,0.6,0.2,0.8,1.0,49
Greg Sutton,67,9.0,3.7,1.4,3.6,38.8,0.4,1.3,29.2,0.5,0.7,75.6,0.1,0.6,0.7,1.4,0.4,0.1,1.0,0.0,50
Marty Conlon,45,8.5,2.7,1.1,2.2,47.5,0.0,0.0,0.0,0.5,0.7,75.0,0.7,0.8,1.5,0.3,0.2,0.2,0.6,1.0,52
Sean Green,35,7.3,4.0,1.8,4.5,39.2,0.1,0.3,20.0,0.4,0.8,53.6,0.6,0.6,1.2,0.6,0.4,0.2,0.8,0.0,56
Kevin Brooks,37,7.3,2.8,1.2,2.6,44.3,0.1,0.3,18.2,0.5,0.6,81.0,0.4,0.7,1.1,0.3,0.2,0.1,0.5,0.0,57
Corey Crowder,51,6.4,2.2,0.8,2.2,38.4,0.3,0.6,43.3,0.3,0.4,83.3,0.3,0.5,0.8,0.3,0.1,0.0,0.3,0.0,59
Stephen Thompson,19,4.8,1.6,0.7,1.9,37.8,0.0,0.1,0.0,0.2,0.4,37.5,0.6,0.4,1.0,0.4,0.3,0.2,0.3,0.0,61
Gary Harris,55,13.1,3.4,1.2,3.9,30.4,0.4,1.9,20.4,0.6,0.9,74.5,0.4,0.8,1.2,0.5,0.7,0.1,0.7,0.0,64
Derrick Coleman,74,35.2,18.4,6.9,14.9,46.7,0.2,0.5,34.2,4.4,6.0,73.1,3.6,6.6,10.3,2.2,1.0,1.3,2.9,1.0,65
Travis Mays,64,33.5,14.3,4.6,11.3,40.6,1.1,3.1,36.5,4.0,5.2,77.0,0.8,1.9,2.8,4.0,1.3,0.2,2.5,0.0,66
Dennis Scott,82,28.5,15.7,6.1,14.4,42.5,1.5,4.1,37.4,1.9,2.5,75.0,0.8,2.1,2.9,1.6,0.8,0.3,1.6,1.0,67
Gary Payton*,82,27.4,7.2,3.2,7.0,45.0,0.0,0.2,7.7,0.8,1.2,71.1,1.3,1.6,3.0,6.4,2.0,0.2,2.2,1.0,68
Willie Burton,76,25.4,12.0,4.5,10.2,44.1,0.1,0.4,13.3,3.0,3.9,78.2,1.5,2.0,3.4,1.4,0.9,0.3,1.9,1.0,70
Dee Brown,82,23.7,8.7,3.5,7.5,46.4,0.1,0.4,20.6,1.7,1.9,87.3,0.5,1.7,2.2,4.2,1.0,0.2,1.7,1.0,72
Dee Brown,49,9.2,1.9,0.7,2.0,32.7,0.1,0.6,21.4,0.5,0.8,64.9,0.2,0.7,0.8,1.7,0.5,0.1,0.6,1.0,74
Kendall Gill,82,23.7,11.0,4.6,10.2,45.0,0.0,0.2,14.3,1.9,2.2,83.5,1.3,1.9,3.2,3.7,1.3,0.5,2.0,1.0,75
Duane Causwell,76,22.6,6.9,2.8,5.4,50.8,0.0,0.0,0.0,1.4,2.2,63.6,1.9,3.3,5.1,0.9,0.6,1.9,1.3,1.0,76
Mahmoud Abdul-Rauf,67,22.5,14.1,6.2,15.1,41.3,0.4,1.5,24.0,1.3,1.5,85.7,0.5,1.3,1.8,3.1,0.8,0.1,1.6,1.0,77
A.J. English,70,20.6,8.8,3.6,8.2,43.9,0.0,0.4,9.7,1.6,2.2,70.7,0.9,1.2,2.1,2.5,0.4,0.2,1.6,0.0,78
Danny Ferry,81,20.5,8.6,3.4,7.9,42.8,0.3,1.0,29.9,1.5,1.9,81.6,1.2,2.3,3.5,1.8,0.5,0.3,1.5,1.0,79
Anthony Cook,58,19.3,5.3,2.0,4.9,41.7,0.0,0.1,0.0,1.2,2.2,55.0,2.3,3.3,5.6,0.4,0.6,1.2,0.9,0.0,81
Gerald Paddio,70,16.9,7.2,3.0,7.2,41.9,0.1,0.3,25.0,1.1,1.3,79.6,0.5,1.1,1.7,1.3,0.3,0.1,1.0,0.0,82
Bimbo Coles,82,16.5,4.9,2.0,4.8,41.2,0.1,0.4,17.6,0.9,1.2,74.7,0.7,1.2,1.9,2.8,0.8,0.1,1.2,1.0,83
Alec Kessler,78,16.1,6.2,2.6,6.0,42.5,0.0,0.1,0.0,1.1,1.7,67.2,1.5,2.8,4.3,0.4,0.2,0.3,1.4,0.0,85
Loy Vaught,73,16.1,5.5,2.4,4.9,48.7,0.0,0.0,0.0,0.7,1.0,66.2,1.7,3.1,4.8,0.5,0.3,0.3,0.7,1.0,86
Tyrone Hill,74,16.1,5.3,2.0,4.0,49.2,0.0,0.0,0.0,1.3,2.1,63.2,2.1,3.1,5.2,0.3,0.5,0.4,1.0,1.0,87
Marcus Liberty,76,15.4,6.7,2.8,6.8,42.1,0.2,0.8,29.8,0.8,1.2,63.0,1.5,1.4,2.9,0.8,0.6,0.3,0.9,0.0,88
Terry Mills,55,14.9,5.7,2.4,5.2,46.5,0.0,0.1,0.0,0.9,1.2,71.2,1.5,2.7,4.2,0.6,0.6,0.5,0.8,1.0,89
Henry James,37,13.6,8.1,3.0,6.9,44.1,0.6,1.6,40.0,1.4,1.9,72.2,0.7,1.4,2.1,0.9,0.4,0.1,1.0,1.0,91
Jerrod Mustaf,62,13.3,4.3,1.7,3.7,46.5,0.0,0.0,0.0,0.9,1.4,64.4,0.8,1.9,2.7,0.6,0.2,0.2,1.0,0.0,92
Kevin Pritchard,62,12.5,3.9,1.4,3.7,38.4,0.1,0.5,16.1,1.0,1.2,80.5,0.3,0.8,1.0,1.3,0.5,0.1,0.9,0.0,93
Gerald Glass,51,11.9,6.9,2.9,6.7,43.8,0.0,0.3,11.8,1.0,1.5,68.4,1.1,0.9,2.0,0.8,0.6,0.2,0.8,0.0,94
Larry Robinson,36,11.8,3.9,1.7,4.2,41.3,0.0,0.0,0.0,0.4,0.8,55.6,0.8,0.6,1.4,1.0,0.4,0.0,0.8,1.0,95
Jud Buechler,74,11.6,3.1,1.3,3.1,41.6,0.0,0.1,25.0,0.6,0.9,65.2,0.8,1.1,1.9,0.7,0.5,0.2,0.3,1.0,96
Cedric Ceballos,63,11.6,8.2,3.2,6.7,48.7,0.0,0.1,16.7,1.7,2.6,66.3,1.2,1.2,2.4,0.6,0.3,0.1,1.1,1.0,97
Brian Oliver,73,11.0,3.8,1.5,3.7,40.8,0.1,0.2,27.8,0.7,1.0,73.2,0.2,0.8,1.1,1.2,0.5,0.1,0.7,0.0,100
Howard Wright,15,10.9,3.6,1.3,3.1,40.4,0.0,0.1,0.0,1.1,1.6,66.7,0.8,2.2,3.0,0.2,0.3,0.3,0.7,0.0,101
Tony Smith,64,10.9,3.7,1.5,3.4,44.1,0.0,0.1,0.0,0.6,0.9,70.2,0.4,0.7,1.1,2.1,0.4,0.2,1.1,1.0,102
Tate George,56,10.6,3.4,1.4,3.4,41.5,0.0,0.0,0.0,0.6,0.7,80.0,0.3,0.5,0.8,1.9,0.5,0.1,0.8,0.0,103
Steve Henson,68,10.1,3.1,1.2,2.8,41.8,0.3,0.8,33.3,0.6,0.6,90.5,0.2,0.5,0.8,1.9,0.5,0.0,0.6,1.0,105
Jayson Williams,52,9.8,3.5,1.4,3.1,44.7,0.0,0.0,50.0,0.7,1.1,66.1,0.8,1.3,2.1,0.3,0.2,0.1,0.8,1.0,107
Johnny O'Bryant,34,10.8,2.9,1.3,3.5,36.7,0.0,0.0,0.0,0.4,0.8,44.4,0.8,1.1,1.9,0.5,0.1,0.1,0.7,0.0,109
Sean Higgins,50,9.3,4.5,1.9,4.2,45.8,0.1,0.4,15.8,0.6,0.7,84.8,0.4,0.9,1.3,0.7,0.2,0.0,1.0,1.0,111
Kenny Williams,75,7.0,2.9,1.2,2.4,52.0,0.0,0.0,0.0,0.5,0.7,68.0,0.7,1.0,1.7,0.4,0.1,0.4,0.6,0.0,113
Keith Askins,39,6.8,2.2,0.9,2.1,42.0,0.2,0.6,24.0,0.3,0.6,48.0,0.8,1.0,1.7,0.5,0.4,0.3,0.3,1.0,114
Scott Williams,51,6.6,2.5,1.0,2.0,51.0,0.0,0.0,50.0,0.4,0.5,71.4,0.8,1.1,1.9,0.3,0.2,0.3,0.5,1.0,115
Richard Coffey,52,6.2,1.3,0.5,1.4,37.3,0.0,0.0,0.0,0.2,0.4,54.5,0.8,0.7,1.5,0.1,0.1,0.1,0.1,0.0,116
Steve Scheffler,39,5.8,1.5,0.5,1.0,51.3,0.0,0.0,0.0,0.5,0.5,90.5,0.5,0.6,1.2,0.2,0.1,0.1,0.1,1.0,117
David Robinson*,82,36.6,24.3,8.4,15.9,53.1,0.0,0.0,0.0,7.5,10.2,73.2,3.7,8.3,12.0,2.0,1.7,3.9,3.1,1.0,118
Tim Hardaway,79,33.7,14.7,5.9,12.5,47.1,0.3,1.1,27.4,2.7,3.5,76.4,0.7,3.2,3.9,8.7,2.1,0.1,3.3,0.0,120
Tim Hardaway,79,33.7,14.7,5.9,12.5,47.1,0.3,1.1,27.4,2.7,3.5,76.4,0.7,3.2,3.9,8.7,2.1,0.1,3.3,1.0,121
Pooh Richardson,82,31.5,11.4,5.2,11.3,46.1,0.3,1.0,27.7,0.8,1.3,58.9,0.7,2.0,2.6,6.8,1.6,0.3,1.7,1.0,123
Sherman Douglas,81,30.5,14.3,5.7,11.6,49.4,0.1,0.4,16.1,2.8,4.0,68.7,0.9,1.7,2.5,7.6,1.8,0.1,3.0,1.0,124
Glen Rice,77,30.0,13.6,6.1,13.9,43.9,0.2,0.9,24.6,1.2,1.6,73.4,1.3,3.3,4.6,1.8,0.9,0.3,1.5,1.0,126
Mookie Blaylock,50,25.3,10.1,4.2,11.4,37.1,0.4,1.6,22.5,1.3,1.6,77.8,0.8,2.0,2.8,4.2,1.6,0.3,2.2,1.0,128
Sean Elliott,81,25.1,10.0,3.8,8.0,48.1,0.0,0.1,11.1,2.3,2.7,86.6,1.6,2.1,3.7,1.9,0.6,0.2,1.4,1.0,129
Blue Edwards,82,23.0,8.9,3.5,6.9,50.7,0.1,0.4,30.0,1.8,2.5,71.9,0.8,2.2,3.1,1.8,0.9,0.4,1.9,1.0,130
Cory Jefferson,50,10.6,3.7,1.5,3.3,44.9,0.0,0.3,13.3,0.6,1.1,57.4,0.9,2.0,2.9,0.3,0.2,0.4,0.4,0.0,131
Stacey King,82,21.7,8.9,3.3,6.5,50.4,0.0,0.0,0.0,2.4,3.3,72.7,2.1,2.6,4.7,1.1,0.5,0.7,1.4,1.0,133
Jeff Martin,69,19.6,6.3,2.5,6.0,41.1,0.0,0.2,13.3,1.3,1.9,70.5,1.1,1.2,2.3,0.6,0.6,0.2,0.7,0.0,135
Winston Bennett,55,18.0,6.1,2.5,5.2,47.9,0.0,0.0,0.0,1.2,1.7,66.7,1.5,1.9,3.4,1.0,0.4,0.2,1.1,0.0,137
Chucky Brown,75,17.9,7.3,2.8,6.0,47.0,0.0,0.1,0.0,1.7,2.2,76.2,1.1,2.0,3.1,0.7,0.4,0.3,0.9,1.0,138
Todd Lichti,79,16.8,8.0,3.2,6.5,48.6,0.0,0.2,0.0,1.6,2.2,74.7,0.6,1.3,1.9,1.5,0.7,0.2,1.2,1.0,140
Noah Vonleh,25,10.4,3.3,1.2,3.0,39.5,0.2,0.5,38.5,0.7,1.0,69.2,1.1,2.3,3.4,0.2,0.2,0.4,0.4,0.0,141
B.J. Armstrong,81,15.9,5.6,2.3,4.8,48.5,0.0,0.1,50.0,0.9,1.0,88.5,0.2,1.0,1.3,2.5,0.6,0.1,1.0,1.0,142
Terry Davis,63,14.0,4.7,1.9,4.2,46.6,0.0,0.0,0.0,0.9,1.4,62.1,1.5,2.2,3.6,0.4,0.4,0.4,1.1,1.0,143
Shawn Kemp,81,13.8,6.5,2.5,5.2,47.9,0.0,0.1,16.7,1.4,2.0,73.6,1.8,2.5,4.3,0.3,0.6,0.9,1.3,1.0,144
Scott Haffner,43,13.0,4.6,2.0,5.0,40.6,0.1,0.5,14.3,0.4,0.6,68.0,0.2,1.0,1.2,1.9,0.3,0.1,0.8,0.0,146
Randy White,55,12.9,4.3,1.7,4.6,36.9,0.0,0.3,7.1,0.9,1.6,56.2,1.4,1.7,3.1,0.4,0.4,0.1,0.8,1.0,147
Kenny Battle,59,12.4,4.1,1.6,2.9,54.7,0.0,0.1,25.0,0.9,1.4,67.1,0.7,1.4,2.1,0.6,0.6,0.2,0.5,0.0,148
Michael Carter-Williams,70,34.5,16.7,6.1,15.1,40.5,0.8,3.0,26.4,3.7,5.2,70.3,1.4,4.8,6.2,6.3,1.9,0.6,3.5,0.0,150
Delaney Rudd,77,11.0,3.5,1.4,3.4,42.9,0.2,0.7,28.6,0.5,0.7,66.0,0.2,0.6,0.7,2.3,0.3,0.0,1.1,0.0,151
Greg Grant,67,10.1,3.1,1.2,3.2,38.4,0.0,0.2,18.8,0.6,0.9,66.1,0.2,0.6,0.9,2.5,0.5,0.0,1.1,1.0,153
Doug Roth,42,9.8,1.9,0.9,2.0,43.0,0.0,0.0,0.0,0.2,0.3,50.0,1.0,1.8,2.9,0.5,0.2,0.3,0.4,0.0,154
Michael Smith,65,9.5,5.0,2.1,4.4,47.6,0.0,0.4,7.1,0.8,1.0,82.8,0.6,0.9,1.5,1.2,0.1,0.0,0.8,1.0,157
Michael Smith,82,21.2,6.9,2.7,5.0,54.2,0.0,0.0,0.0,1.5,3.2,48.5,2.1,3.8,5.9,0.8,0.7,0.6,1.3,0.0,158
Michael Smith,82,21.2,6.9,2.7,5.0,54.2,0.0,0.0,0.0,1.5,3.2,48.5,2.1,3.8,5.9,0.8,0.7,0.6,1.3,1.0,159
George McCloud,44,9.4,2.7,1.0,3.3,31.3,0.3,0.9,32.5,0.3,0.4,78.9,0.3,0.7,1.0,1.0,0.4,0.1,0.8,1.0,160
Henry Turner,36,8.8,4.3,1.6,3.4,47.5,0.0,0.1,0.0,1.1,1.8,61.5,0.6,0.8,1.4,0.6,0.5,0.2,0.7,0.0,161
Charles Smith,60,8.7,2.9,1.0,2.2,44.4,0.0,0.1,0.0,0.9,1.3,69.7,0.2,0.9,1.2,1.7,0.6,0.1,0.6,1.0,162
Charles Smith,60,8.7,2.9,1.0,2.2,44.4,0.0,0.1,0.0,0.9,1.3,69.7,0.2,0.9,1.2,1.7,0.6,0.1,0.6,1.0,163
Charles Smith,60,8.7,2.9,1.0,2.2,44.4,0.0,0.1,0.0,0.9,1.3,69.7,0.2,0.9,1.2,1.7,0.6,0.1,0.6,0.0,164
Charles Smith,71,30.4,16.3,6.1,12.4,49.5,0.0,0.0,0.0,4.0,5.5,72.5,2.4,4.1,6.5,1.5,1.0,1.3,2.1,0.0,167
Charles Smith,34,8.6,3.5,1.4,3.7,39.2,0.4,1.4,31.9,0.2,0.3,54.5,0.4,0.4,0.8,0.6,0.3,0.2,0.8,1.0,168
Charles Smith,34,8.6,3.5,1.4,3.7,39.2,0.4,1.4,31.9,0.2,0.3,54.5,0.4,0.4,0.8,0.6,0.3,0.2,0.8,0.0,170
Ed Horton,45,8.3,4.5,1.8,3.6,49.4,0.0,0.1,0.0,0.9,1.5,60.9,1.3,1.1,2.4,0.4,0.2,0.1,0.9,0.0,171
Trey Burke,70,32.3,12.8,4.9,12.8,38.0,1.6,4.8,33.0,1.5,1.6,90.3,0.5,2.4,3.0,5.7,0.6,0.1,1.9,0.0,172
Frank Kornet,57,7.7,2.0,0.7,2.0,36.8,0.1,0.4,25.0,0.4,0.7,61.5,0.4,0.8,1.2,0.4,0.3,0.1,0.4,0.0,173
Doug West,52,7.3,2.6,1.0,2.6,39.3,0.1,0.2,27.3,0.5,0.6,81.3,0.5,0.9,1.3,0.3,0.2,0.1,0.6,1.0,174
Mike Williams,21,4.9,0.7,0.3,0.9,33.3,0.0,0.0,0.0,0.1,0.3,50.0,0.2,0.9,1.1,0.1,0.1,0.3,0.1,0.0,178
Mike Morrison,36,4.3,2.0,0.6,1.9,33.8,0.1,0.2,28.6,0.7,0.8,80.0,0.2,0.4,0.6,0.3,0.1,0.0,0.6,0.0,179
Nate Johnston,21,4.1,2.2,0.9,2.3,37.5,0.0,0.2,25.0,0.4,0.6,69.2,0.6,0.5,1.1,0.0,0.1,0.4,0.3,0.0,180
Kevin Edwards,79,29.7,13.8,5.9,14.0,42.5,0.1,0.5,27.0,1.8,2.4,74.6,1.1,2.2,3.3,4.4,1.8,0.3,3.1,1.0,185
Grant Long,82,29.7,11.9,4.1,8.4,48.6,0.0,0.1,0.0,3.7,5.0,74.9,2.9,3.7,6.7,1.8,1.5,0.6,2.5,1.0,186
Rex Chapman,75,29.6,16.9,7.0,16.9,41.4,0.8,2.5,31.4,2.1,2.6,79.5,1.0,1.5,2.5,2.3,0.9,0.3,1.5,1.0,187
Brian Shaw,82,28.1,8.6,3.6,8.4,43.3,0.0,0.2,0.0,1.3,1.6,82.6,1.5,3.1,4.6,5.8,0.9,0.3,2.3,1.0,188
Chris Morris,76,27.6,14.1,5.4,11.9,45.7,0.8,2.3,36.6,2.4,3.3,71.7,2.5,2.8,5.2,1.6,1.3,0.8,2.5,1.0,189
Vernon Maxwell,79,26.1,11.7,4.5,10.5,43.2,0.4,1.6,24.8,2.3,3.1,74.5,0.6,1.9,2.6,3.8,1.1,0.1,2.3,1.0,191
Ben McLemore,82,26.7,8.8,3.1,8.3,37.6,1.2,3.6,32.0,1.4,1.7,80.4,0.6,2.2,2.9,1.0,0.6,0.2,1.2,0.0,192
Dan Majerle,54,25.1,8.6,3.4,8.0,41.9,0.5,1.5,32.9,1.4,2.4,61.4,1.1,2.7,3.9,2.4,1.2,0.3,0.9,1.0,193
Sylvester Gray,55,22.2,8.0,3.0,7.2,42.0,0.0,0.1,25.0,1.9,2.8,67.3,2.1,3.1,5.2,2.1,0.7,0.5,1.9,0.0,194
Ricky Berry,64,22.0,11.0,4.0,8.9,45.0,1.0,2.5,40.6,2.0,2.6,78.9,0.9,2.2,3.1,1.3,0.6,0.3,1.3,0.0,195
Tom Garrick,71,21.1,6.4,2.5,5.1,49.0,0.0,0.2,0.0,1.4,1.8,80.3,0.5,1.7,2.2,3.4,1.1,0.1,1.6,0.0,196
Michael Anderson,36,20.3,5.7,2.0,4.9,41.7,0.0,0.2,14.3,1.6,2.3,69.5,1.2,1.3,2.5,4.3,1.2,0.1,2.3,0.0,197
Vinny Del Negro,80,19.5,7.1,3.0,6.3,47.5,0.1,0.3,30.0,1.1,1.3,85.0,0.6,1.5,2.1,2.6,0.8,0.2,1.0,1.0,199
Kelvin Upshaw,32,19.3,6.8,3.1,6.6,46.7,0.1,0.5,20.0,0.6,0.8,69.2,0.3,1.2,1.5,3.7,0.8,0.1,1.7,0.0,200
Derrick Chievous,81,19.0,9.3,3.4,7.8,43.7,0.1,0.3,20.8,2.4,3.0,78.3,1.4,1.8,3.2,1.0,0.6,0.1,1.7,0.0,201
Ledell Eackles,80,18.2,11.5,4.0,9.2,43.4,0.1,0.5,22.5,3.4,4.3,78.6,1.3,1.0,2.3,1.5,0.5,0.1,1.6,1.0,202
Harvey Grant,71,16.8,5.6,2.5,5.5,46.4,0.0,0.0,0.0,0.5,0.8,59.6,1.1,1.2,2.3,1.1,0.5,0.4,0.4,1.0,203
Rod Strickland,81,16.8,8.9,3.3,7.0,46.7,0.2,0.7,32.2,2.1,2.9,74.5,0.6,1.3,2.0,3.9,1.2,0.0,1.8,1.0,204
Scott Brooks,82,16.7,5.2,1.9,4.5,42.0,0.7,1.9,35.9,0.7,0.8,88.4,0.2,0.9,1.1,3.7,0.8,0.0,0.8,1.0,205
Todd Mitchell,24,14.7,5.1,1.8,4.0,44.3,0.0,0.0,0.0,1.5,2.7,57.8,0.8,1.3,2.1,0.9,0.7,0.1,1.4,0.0,206
John Shasky,65,14.5,5.5,1.9,3.8,48.8,0.0,0.0,0.0,1.8,2.6,68.9,1.5,2.1,3.6,0.3,0.2,0.2,0.7,0.0,207
Mark Bryant,36,7.0,1.6,0.7,1.6,43.1,0.0,0.0,0.0,0.3,0.4,69.2,0.7,1.2,1.9,0.2,0.1,0.1,0.3,1.0,209
Eric Leckner,75,10.4,4.3,1.6,2.9,54.5,0.0,0.0,0.0,1.1,1.5,69.9,0.6,2.0,2.7,0.2,0.1,0.3,0.9,1.0,211
Tim Perry,62,9.9,4.1,1.7,3.2,53.7,0.0,0.1,25.0,0.6,1.0,61.5,1.0,1.1,2.1,0.3,0.3,0.5,0.6,1.0,213
Craig Neal,53,9.4,2.2,0.8,2.3,36.6,0.2,0.6,29.4,0.3,0.4,60.9,0.1,0.4,0.5,2.2,0.5,0.1,1.0,0.0,215
David Rivers,47,9.4,2.9,1.0,2.6,40.2,0.0,0.1,16.7,0.7,0.9,83.3,0.3,0.6,0.9,2.3,0.5,0.2,1.3,0.0,216
John Starks,36,8.8,4.1,1.4,3.5,40.8,0.3,0.7,38.5,0.9,1.4,65.4,0.4,0.7,1.1,0.8,0.6,0.1,1.1,1.0,217
Andrew Lang,62,8.5,2.6,1.0,1.9,51.3,0.0,0.0,0.0,0.6,1.0,65.0,0.9,1.5,2.4,0.1,0.3,0.8,0.5,1.0,218
Bill Jones,37,8.3,3.5,1.4,2.8,49.0,0.0,0.0,0.0,0.8,1.2,67.4,0.5,0.7,1.3,0.5,0.5,0.2,0.5,0.0,219
Morlon Wiley,51,8.0,2.2,0.9,2.2,40.4,0.1,0.5,25.0,0.3,0.3,81.3,0.3,0.7,0.9,1.5,0.5,0.1,0.7,1.0,221
Randolph Keys,42,7.9,4.0,1.8,4.1,43.0,0.0,0.2,10.0,0.5,0.7,69.0,0.5,0.8,1.3,0.5,0.3,0.1,0.5,1.0,222
Mark Davis,33,7.8,3.8,1.5,3.1,48.0,0.0,0.3,10.0,0.8,1.0,82.4,0.5,0.6,1.1,0.4,0.4,0.1,0.4,1.0,223
Mark Davis,57,10.0,3.3,1.0,2.6,36.9,0.1,0.2,30.8,1.3,2.0,63.8,1.0,1.2,2.2,0.8,0.7,0.4,1.2,1.0,225
Mark Davis,57,10.0,3.3,1.0,2.6,36.9,0.1,0.2,30.8,1.3,2.0,63.8,1.0,1.2,2.2,0.8,0.7,0.4,1.2,0.0,226
Troy Williams,24,17.4,5.3,2.1,5.1,41.8,0.4,1.7,24.4,0.6,1.0,60.0,0.3,1.6,1.8,0.8,1.0,0.4,1.1,0.0,227
Hollis Thompson,77,22.6,6.0,2.2,4.8,46.0,0.9,2.2,40.1,0.7,0.9,71.2,0.9,2.3,3.2,0.9,0.7,0.2,0.8,0.0,228
Micheal Williams,49,7.3,2.6,1.0,2.6,36.4,0.0,0.2,22.2,0.6,1.0,66.0,0.2,0.4,0.6,1.4,0.3,0.1,0.9,1.0,230
Avery Johnson,43,6.8,1.6,0.7,1.9,34.9,0.0,0.2,11.1,0.2,0.4,56.3,0.3,0.3,0.6,1.7,0.5,0.1,0.4,1.0,232
Everette Stephens,35,6.0,1.9,0.7,2.1,31.9,0.1,0.3,20.0,0.5,0.6,77.3,0.3,0.3,0.7,1.1,0.3,0.1,0.8,0.0,233
Jack Haley,51,5.7,2.2,0.7,1.5,47.4,0.0,0.0,0.0,0.7,0.9,78.3,0.4,1.0,1.4,0.2,0.2,0.0,0.5,1.0,234
Duane Ferrell,41,5.6,2.4,0.9,2.0,42.2,0.0,0.0,0.0,0.7,1.1,68.2,0.5,0.5,1.0,0.2,0.2,0.1,0.3,1.0,235
Mark Jackson,82,39.6,13.6,5.3,12.4,43.2,0.4,1.5,25.4,2.5,3.2,77.4,1.5,3.4,4.8,10.6,2.5,0.1,3.1,1.0,236
Kenny Smith,61,35.6,13.8,5.4,11.4,47.7,0.2,0.6,30.8,2.7,3.3,81.9,0.7,1.6,2.3,7.1,1.5,0.1,3.0,1.0,237
Armen Gilliam,55,32.9,14.8,6.2,13.1,47.5,0.0,0.0,0.0,2.4,3.5,67.9,2.4,5.5,7.9,1.3,1.1,0.5,2.2,1.0,239
Winston Garland,67,31.7,12.4,5.1,11.6,43.9,0.2,0.6,33.3,2.1,2.3,87.9,1.0,2.4,3.4,6.4,1.7,0.1,2.5,1.0,240
Joe Wolf,42,27.1,7.6,3.2,8.0,40.7,0.1,0.4,20.0,1.1,1.3,83.3,1.2,3.2,4.5,2.3,0.9,0.4,1.8,1.0,241
Reggie Williams,35,24.5,10.4,4.3,12.2,35.6,0.4,1.7,22.4,1.4,1.9,72.7,1.6,1.8,3.4,1.7,0.8,0.6,1.8,1.0,242
Kevin Johnson,80,24.0,9.2,3.4,7.5,46.1,0.1,0.3,20.8,2.2,2.6,83.9,0.5,1.9,2.4,5.5,1.3,0.3,1.8,1.0,245
Reggie Miller*,82,22.4,10.0,3.7,7.6,48.8,0.7,2.1,35.5,1.8,2.3,80.1,1.2,1.2,2.3,1.6,0.7,0.2,1.2,1.0,247
Ken Norman,66,21.7,8.6,3.7,7.6,48.2,0.0,0.2,0.0,1.3,2.6,51.2,1.5,2.5,4.0,1.2,0.7,0.5,1.6,1.0,249
Ryan Kelly,59,22.2,8.0,2.7,6.3,42.3,0.8,2.4,33.8,1.9,2.3,81.5,0.7,3.0,3.7,1.6,0.5,0.8,0.8,0.0,250
Scottie Pippen*,79,20.9,7.9,3.3,7.1,46.3,0.1,0.3,17.4,1.3,2.2,57.6,1.5,2.3,3.8,2.1,1.1,0.7,1.7,1.0,251
Muggsy Bogues,79,20.6,5.0,2.1,5.4,39.0,0.0,0.2,18.8,0.7,0.9,78.4,0.4,1.3,1.7,5.1,1.6,0.0,1.3,1.0,253
Ricky Wilson,24,17.5,5.2,1.8,4.6,39.1,0.4,1.1,38.5,1.2,1.7,72.5,0.1,1.0,1.1,2.9,1.0,0.1,1.0,0.0,255
Dallas Comegys,75,15.0,5.6,2.1,4.8,43.0,0.0,0.0,0.0,1.4,2.0,70.7,0.7,2.2,2.9,0.9,0.5,0.9,1.6,0.0,257
Mark Acres,79,14.6,3.6,1.4,2.6,53.2,0.0,0.0,0.0,0.9,1.4,64.0,1.3,2.1,3.4,0.5,0.4,0.3,0.7,1.0,258
Tony White,49,11.9,5.3,2.3,5.1,44.6,0.0,0.1,0.0,0.8,1.1,72.2,0.2,0.4,0.6,1.2,0.4,0.0,1.0,0.0,260
Brad Lohaus,70,10.3,4.2,1.7,3.5,49.6,0.0,0.2,23.1,0.7,0.9,80.6,0.7,1.3,2.0,0.7,0.3,0.6,0.8,1.0,261
Milt Wagner,40,9.5,3.8,1.6,3.7,42.2,0.1,0.3,20.0,0.7,0.7,89.7,0.1,0.6,0.7,1.5,0.1,0.1,0.6,0.0,262
Chris Dudley,55,9.3,3.1,1.2,2.5,47.4,0.0,0.0,0.0,0.7,1.3,56.3,1.3,1.3,2.6,0.4,0.2,0.3,0.6,1.0,263
Clinton Wheeler,59,8.7,2.5,1.1,2.2,47.0,0.0,0.0,0.0,0.4,0.6,73.5,0.3,0.4,0.7,1.7,0.6,0.0,0.9,0.0,264
Billy Donovan,44,8.3,2.4,1.0,2.5,40.4,0.0,0.2,0.0,0.4,0.5,81.0,0.1,0.5,0.6,2.0,0.4,0.0,0.9,0.0,265
Martin Nessley,44,7.6,1.1,0.5,1.2,38.5,0.0,0.0,0.0,0.2,0.4,44.4,0.5,1.3,1.9,0.4,0.2,0.3,0.5,0.0,267
John Stroeder,41,6.6,1.9,0.7,1.9,36.7,0.0,0.0,0.0,0.5,0.7,66.7,0.6,1.1,1.7,0.5,0.1,0.3,0.6,0.0,268
Bart Kofoed,36,6.3,1.3,0.5,1.3,37.5,0.1,0.2,28.6,0.2,0.4,61.5,0.1,0.3,0.4,0.6,0.2,0.0,0.5,1.0,269
Ron Harper,82,37.4,22.9,9.0,19.7,45.5,0.2,1.1,21.3,4.7,6.9,68.4,2.1,2.7,4.8,4.8,2.5,1.0,4.2,1.0,272
Chuck Person,82,36.0,18.8,7.7,16.6,46.8,0.6,1.7,35.5,2.7,3.6,74.7,2.0,6.2,8.3,3.6,1.1,0.2,2.6,1.0,273
Hot Rod Williams,80,33.9,14.6,5.4,11.2,48.5,0.0,0.0,0.0,3.7,5.0,74.5,2.8,5.1,7.9,1.9,0.7,2.1,1.7,1.0,274
Nate McMillan,71,27.8,5.3,2.0,4.2,47.5,0.0,0.1,0.0,1.2,2.0,61.7,1.4,3.2,4.7,8.2,1.8,0.6,2.2,1.0,276
Walter Berry,63,25.2,15.9,6.5,12.2,53.1,0.0,0.0,0.0,3.0,4.6,64.9,2.2,2.7,4.9,1.7,0.6,0.6,2.4,0.0,278
John Williams,78,22.7,9.2,3.6,8.0,45.4,0.1,0.5,22.2,1.8,2.9,64.6,1.7,3.0,4.7,2.4,1.6,0.4,1.6,1.0,279
Kentavious Caldwell-Pope,80,19.8,5.9,2.3,5.8,39.6,0.7,2.3,31.9,0.6,0.8,77.0,0.5,1.5,2.0,0.7,0.9,0.1,0.3,0.0,280
Brad Sellers,80,21.9,8.5,3.5,7.6,45.5,0.0,0.1,20.0,1.6,2.2,72.8,1.9,2.7,4.7,1.3,0.6,0.8,1.1,1.0,281
David Wingate,77,20.9,8.8,3.4,7.8,43.0,0.2,0.7,25.0,1.9,2.6,74.1,0.9,1.1,2.0,2.0,1.2,0.3,1.7,1.0,282
Johnny Dawkins,81,20.8,10.3,4.1,9.4,43.7,0.2,0.6,29.8,1.9,2.4,80.1,0.7,1.4,2.1,3.6,0.8,0.0,1.5,1.0,283
Jeff Hornacek,80,19.5,5.3,2.0,4.4,45.4,0.2,0.5,27.9,1.2,1.5,77.7,0.5,1.8,2.3,4.5,0.9,0.1,1.9,1.0,285
Roy Tarpley,75,18.7,7.5,3.1,6.7,46.7,0.0,0.0,33.3,1.3,1.9,67.6,2.4,4.7,7.1,0.7,0.8,1.1,1.4,1.0,286
Mark Price,67,18.2,6.9,2.6,6.3,40.8,0.3,1.0,32.9,1.4,1.7,83.3,0.5,1.3,1.7,3.0,0.6,0.1,1.6,1.0,287
Mark Alarie,64,17.3,7.9,3.4,6.9,49.0,0.0,0.1,22.2,1.0,1.6,66.3,1.1,2.2,3.3,1.2,0.3,0.4,0.9,1.0,289
Ben Coleman,68,15.1,6.6,2.7,4.6,58.1,0.0,0.0,0.0,1.3,1.8,72.7,1.5,2.8,4.2,0.5,0.5,0.5,1.4,1.0,290
Kenny Gattison,77,14.3,5.2,1.9,4.0,47.6,0.0,0.0,0.0,1.4,2.2,63.2,1.1,2.4,3.5,0.5,0.3,0.4,1.1,1.0,293
Tim Kempton,66,14.2,4.4,1.5,3.1,47.1,0.0,0.0,0.0,1.4,2.1,69.3,1.1,1.9,2.9,0.8,0.6,0.2,0.7,1.0,294
Kevin Duckworth,65,13.5,5.4,2.0,4.2,47.6,0.0,0.0,0.0,1.4,2.1,68.7,1.2,2.3,3.4,0.4,0.3,0.3,1.2,1.0,296
Anthony Jones,65,13.2,5.0,2.0,5.0,41.3,0.1,0.3,35.0,0.8,1.0,76.9,0.6,1.0,1.6,1.1,0.7,0.3,0.8,0.0,297
Mike Brown,62,13.2,4.2,1.7,3.2,52.7,0.0,0.0,0.0,0.7,1.2,63.9,1.1,2.3,3.5,0.4,0.3,0.1,0.9,1.0,298
Billy Thompson,59,12.9,5.6,2.4,4.4,54.4,0.0,0.0,0.0,0.8,1.3,64.9,1.2,1.7,2.9,1.0,0.3,0.5,1.0,1.0,300
Mason Plumlee,70,18.2,7.4,2.8,4.3,65.9,0.0,0.0,0.0,1.7,2.8,62.6,1.4,3.0,4.4,0.9,0.7,0.8,1.1,0.0,301
Keith Smith,42,11.0,3.3,1.4,3.6,38.0,0.1,0.2,33.3,0.5,0.7,75.0,0.3,0.5,0.8,1.0,0.6,0.1,0.7,0.0,304
Johnny Newman,59,10.7,5.0,1.9,4.7,41.1,0.0,0.4,4.5,1.1,1.3,86.8,0.6,0.6,1.2,0.5,0.3,0.1,0.8,1.0,305
Johnny Rogers,45,10.4,4.2,2.0,4.1,48.6,0.0,0.1,0.0,0.2,0.3,60.0,0.7,1.0,1.7,0.6,0.2,0.2,0.4,0.0,306
Dell Curry,67,9.5,4.9,2.1,4.9,42.6,0.3,0.9,28.3,0.4,0.6,78.9,0.4,0.7,1.2,0.9,0.4,0.1,0.7,1.0,307
Dave Feitl,62,8.0,3.7,1.4,3.3,43.6,0.0,0.0,0.0,0.9,1.1,74.6,0.6,1.3,1.9,0.4,0.1,0.1,0.6,1.0,310
Bob Martin,43,6.7,3.4,1.2,3.1,37.8,0.1,0.3,20.0,1.0,1.5,63.6,0.3,0.7,1.0,0.8,0.3,0.1,0.8,0.0,311
Bob Martin,53,10.1,2.1,0.8,1.7,45.5,0.0,0.0,0.0,0.6,1.0,60.8,0.7,1.5,2.2,0.3,0.1,0.6,0.6,0.0,312
Xavier McDaniel,82,33.0,17.1,7.0,14.3,49.0,0.0,0.1,20.0,3.0,4.4,68.7,3.7,4.2,8.0,2.4,1.2,0.5,3.0,1.0,315
Karl Malone*,81,30.6,14.9,6.2,12.5,49.6,0.0,0.0,0.0,2.4,5.0,48.1,2.1,6.7,8.9,2.9,1.3,0.5,3.4,1.0,316
Benoit Benjamin,79,26.4,11.1,4.1,8.4,49.0,0.0,0.0,33.3,2.9,3.9,74.6,2.0,5.6,7.6,1.0,0.8,2.6,1.8,1.0,318
Chris Mullin*,55,25.3,14.0,5.2,11.3,46.3,0.1,0.5,18.5,3.4,3.8,89.6,0.8,1.3,2.1,1.9,1.3,0.4,1.4,1.0,319
Joe Dumars*,82,23.9,9.4,3.5,7.3,48.1,0.1,0.2,31.3,2.3,2.9,79.8,0.7,0.7,1.5,4.8,0.8,0.1,1.9,1.0,321
Charles Oakley,77,23.0,9.6,3.6,7.0,51.9,0.0,0.0,0.0,2.3,3.5,66.2,3.3,5.3,8.6,1.7,0.9,0.4,2.3,1.0,323
Jon Koncak,82,20.7,8.3,3.2,6.3,50.7,0.0,0.0,0.0,1.9,3.1,60.7,2.1,3.6,5.7,0.7,0.5,0.8,1.4,1.0,324
Keith Lee,58,20.6,7.4,3.1,6.6,46.6,0.0,0.2,22.2,1.3,1.7,78.1,2.0,4.1,6.1,1.2,0.5,0.6,1.3,0.0,325
Ed Pinckney,80,20.0,8.5,3.2,5.7,55.8,0.0,0.0,0.0,2.1,3.2,67.3,1.2,2.7,3.9,1.1,0.9,0.5,1.9,1.0,326
Bob Thornton,71,18.6,4.7,1.8,3.9,45.6,0.0,0.0,0.0,1.2,2.3,53.1,1.6,2.5,4.1,0.6,0.4,0.1,1.2,1.0,328
Terry Catledge,64,17.1,7.7,3.2,6.7,46.9,0.0,0.1,0.0,1.4,2.2,64.7,1.7,2.6,4.3,0.3,0.5,0.1,1.1,1.0,329
Marquese Chriss,34,17.1,7.0,2.7,6.3,42.7,0.6,2.1,31.0,1.0,1.7,59.6,1.1,2.2,3.3,0.5,0.5,0.5,1.2,0.0,332
Nick Calathes,71,16.5,4.9,2.0,4.4,45.7,0.3,0.9,31.1,0.6,1.0,61.1,0.3,1.6,1.9,2.9,0.9,0.1,1.4,0.0,333
Dirk Minniefield,76,14.9,5.5,2.2,4.6,48.1,0.1,0.5,27.0,1.0,1.2,78.5,0.6,1.2,1.7,3.5,0.9,0.0,1.4,0.0,335
Joe Kleine,80,14.8,5.2,2.0,4.3,46.5,0.0,0.0,0.0,1.2,1.6,72.3,1.4,3.3,4.7,0.6,0.3,0.4,1.3,1.0,336
Alfredrick Hughes,68,12.7,5.2,2.2,5.5,40.9,0.0,0.3,17.6,0.7,1.2,58.3,0.7,0.9,1.7,0.9,0.4,0.1,0.9,0.0,337
Ken Johnson,64,12.7,4.1,1.8,3.3,52.8,0.0,0.0,,0.6,1.3,43.5,1.4,2.4,3.8,0.3,0.2,0.3,0.9,0.0,338
Bill Martin,66,10.5,5.0,2.2,4.5,48.0,0.0,0.1,0.0,0.7,0.8,85.2,0.6,0.9,1.5,0.8,0.3,0.1,0.9,0.0,341
Jerry Reynolds,55,9.2,3.7,1.3,2.9,44.4,0.0,0.0,50.0,1.1,1.9,55.8,0.7,0.8,1.5,1.6,0.8,0.3,0.9,1.0,346
Steve Harris,57,8.5,4.5,1.8,4.1,44.2,0.0,0.1,20.0,0.9,0.9,92.6,0.4,0.6,1.0,0.9,0.4,0.1,0.6,1.0,347
Lorenzo Charles,36,7.6,3.4,1.4,2.4,55.7,0.0,0.0,0.0,0.7,1.0,66.7,0.4,0.7,1.1,0.2,0.1,0.2,0.5,0.0,348
Sam Vincent,57,7.6,3.2,1.0,2.8,36.4,0.0,0.1,25.0,1.1,1.2,92.9,0.2,0.6,0.8,1.2,0.3,0.1,0.9,1.0,349
Blair Rasmussen,48,6.9,3.2,1.3,3.1,40.7,0.0,0.0,0.0,0.6,0.8,79.5,0.8,1.3,2.0,0.3,0.1,0.2,0.8,1.0,350
Phil Pressey,75,15.1,2.8,1.0,3.4,30.8,0.4,1.4,26.4,0.4,0.6,64.4,0.3,1.1,1.4,3.2,0.9,0.1,1.2,0.0,351
Michael Jordan*,82,38.3,28.2,10.2,19.8,51.5,0.1,0.6,17.3,7.7,9.1,84.5,2.0,4.5,6.5,5.9,2.4,0.8,3.5,1.0,352
Vern Fleming,80,31.1,14.1,5.4,11.5,47.0,0.0,0.1,0.0,3.3,4.2,76.7,1.9,2.2,4.0,3.1,1.2,0.1,2.5,1.0,353
Sam Bowie,76,29.2,10.0,3.9,7.3,53.7,0.0,0.0,0.0,2.1,3.0,71.1,2.7,5.9,8.6,2.8,0.7,2.7,2.3,1.0,354
Charles Barkley*,82,28.6,14.0,5.2,9.5,54.5,0.0,0.1,16.7,3.6,4.9,73.3,3.2,5.3,8.6,1.9,1.2,1.0,2.5,1.0,355
Sam Perkins,82,28.3,11.0,4.2,9.0,47.1,0.1,0.4,25.0,2.4,3.0,82.0,2.3,5.1,7.4,1.6,0.8,0.8,1.2,1.0,356
Melvin Turpin,79,24.7,10.6,4.6,9.0,51.1,0.0,0.0,,1.4,1.8,78.4,2.0,3.8,5.7,0.5,0.5,1.1,1.5,1.0,358
Otis Thorpe,82,23.4,12.8,5.0,8.4,60.0,0.0,0.0,0.0,2.8,4.5,62.0,2.3,4.5,6.8,1.4,0.4,0.5,2.3,1.0,359
Michael Cage,75,21.5,7.1,2.9,5.3,54.3,0.0,0.0,0.0,1.3,1.8,73.7,1.7,3.5,5.2,0.7,0.6,0.4,1.1,1.0,361
Tim McCormick,78,20.3,9.3,3.4,6.2,55.7,0.0,0.0,0.0,2.4,3.4,71.5,1.9,3.2,5.1,1.0,0.2,0.4,1.5,1.0,363
Charles Jones,29,16.4,3.7,1.3,4.2,31.7,0.7,2.1,31.1,0.4,0.8,50.0,0.3,1.1,1.4,1.4,0.6,0.2,1.0,1.0,367
Charles Jones,29,16.4,3.7,1.3,4.2,31.7,0.7,2.1,31.1,0.4,0.8,50.0,0.3,1.1,1.4,1.4,0.6,0.2,1.0,0.0,368
Charles Jones,29,16.4,3.7,1.3,4.2,31.7,0.7,2.1,31.1,0.4,0.8,50.0,0.3,1.1,1.4,1.4,0.6,0.2,1.0,0.0,369
Jeff Turner,72,19.8,5.8,2.4,5.2,45.4,0.0,0.0,0.0,1.1,1.3,85.9,1.2,1.8,3.0,1.5,0.4,0.1,1.3,1.0,370
Ken Bannister,75,18.7,6.8,2.8,5.9,47.0,0.0,0.0,0.0,1.2,2.6,47.4,1.4,3.0,4.4,0.5,0.5,0.5,1.9,1.0,374
John Stockton*,82,18.2,5.6,1.9,4.1,47.1,0.0,0.1,18.2,1.7,2.4,73.6,0.3,1.0,1.3,5.1,1.3,0.1,1.8,1.0,375
Terence Stansbury,74,17.3,7.1,2.8,6.2,45.9,0.1,0.3,16.0,1.4,1.7,81.0,0.5,1.0,1.5,1.7,0.6,0.2,1.1,0.0,376
Eddie Lee Wilkins,54,17.0,5.5,2.1,4.3,49.8,0.0,0.0,0.0,1.2,2.3,54.1,1.6,3.3,4.9,0.3,0.4,0.3,1.2,1.0,378
Chuck Aleksinas,74,15.1,5.1,2.2,4.6,47.8,0.0,0.0,0.0,0.7,1.0,73.3,1.2,2.5,3.6,0.5,0.2,0.2,1.0,0.0,379
Frank Brickowski,78,14.3,4.9,1.9,3.9,49.2,0.0,0.1,0.0,1.1,1.6,66.9,1.0,2.4,3.3,1.3,0.4,0.2,1.3,1.0,381
Devin Durrant,59,12.8,5.1,1.9,4.6,41.6,0.0,0.1,0.0,1.2,1.7,70.6,0.8,1.3,2.1,1.4,0.3,0.2,1.3,0.0,383
Jerome Kersey,77,12.4,6.1,2.3,4.8,47.8,0.0,0.0,0.0,1.5,2.4,64.6,1.2,1.4,2.7,0.8,0.6,0.4,0.9,1.0,384
Ron Cavenall,53,12.3,1.5,0.5,1.6,32.6,0.0,0.0,0.0,0.4,0.7,56.4,1.0,2.1,3.1,0.4,0.2,0.8,0.8,0.0,385
Jim Petersen,60,11.9,3.2,1.2,2.4,48.6,0.0,0.0,,0.8,1.1,75.8,0.7,1.7,2.5,0.5,0.2,0.5,1.2,1.0,386
Tony Campbell,56,11.2,5.6,2.3,4.7,49.6,0.0,0.0,0.0,1.0,1.3,80.0,0.7,0.9,1.6,0.4,0.5,0.1,1.2,1.0,387
Kenny Fields,51,10.5,3.8,1.6,3.7,44.0,0.0,0.0,0.0,0.5,0.7,75.0,0.8,0.8,1.6,0.7,0.2,0.2,0.6,0.0,390
Cory Blackwell,60,9.2,3.4,1.5,4.0,36.7,0.0,0.0,0.0,0.5,0.9,50.9,0.7,0.9,1.6,0.4,0.4,0.1,0.7,0.0,391
Bernard Thompson,59,9.1,3.3,1.3,3.6,37.3,0.0,0.1,0.0,0.7,0.9,76.5,0.6,0.7,1.3,0.9,0.5,0.2,0.6,1.0,392
Tom Scheffler,39,6.9,1.3,0.5,1.3,41.2,0.0,0.0,,0.3,0.5,50.0,0.5,1.5,1.9,0.3,0.2,0.3,0.4,0.0,397
Rick Carlisle,38,4.7,1.8,0.7,1.8,38.8,0.0,0.1,0.0,0.4,0.4,88.2,0.2,0.3,0.6,0.7,0.1,0.0,0.5,1.0,399
Ralph Sampson*,82,32.8,21.0,8.7,16.7,52.3,0.0,0.0,25.0,3.5,5.3,66.1,3.6,7.6,11.1,2.0,0.8,2.4,3.6,1.0,400
Steve Stipanovich,81,30.0,12.0,4.8,10.1,48.0,0.0,0.2,18.8,2.3,3.0,75.3,1.4,5.5,6.9,2.1,0.9,0.8,2.0,1.0,401
Ennis Whatley,80,27.0,8.4,3.3,7.0,46.9,0.0,0.0,0.0,1.8,2.5,73.0,0.8,1.7,2.5,8.3,1.5,0.2,3.4,1.0,402
Rodney McCray,79,26.3,10.8,4.2,8.5,49.9,0.0,0.1,25.0,2.3,3.2,73.1,2.2,3.5,5.7,2.2,0.7,0.7,1.5,1.0,403
Mitchell Wiggins,82,25.9,12.4,4.9,10.9,44.8,0.1,0.4,24.1,2.6,3.5,74.2,1.7,2.3,4.0,2.3,1.3,0.1,1.7,1.0,405
Thurl Bailey,81,24.8,8.5,3.7,7.3,51.2,0.0,0.0,0.0,1.1,1.4,75.2,1.4,4.3,5.7,1.6,0.5,1.5,1.3,1.0,406
Doc Rivers,81,23.9,9.3,3.1,6.7,46.2,0.0,0.1,16.7,3.1,4.0,78.5,0.9,1.8,2.7,3.9,1.6,0.4,2.1,1.0,408
Byron Scott,74,22.1,10.6,4.5,9.3,48.4,0.1,0.5,23.5,1.5,1.9,80.6,0.7,1.5,2.2,2.4,1.1,0.3,1.6,1.0,410
Paul Thompson,82,21.1,9.0,3.8,8.1,46.7,0.1,0.5,23.1,1.4,1.8,77.2,1.5,2.3,3.8,1.5,0.8,0.5,0.9,0.0,411
Derek Harper,82,20.9,5.7,2.4,5.5,44.3,0.0,0.3,11.5,0.8,1.2,67.3,0.6,1.5,2.1,2.9,1.2,0.3,1.4,1.0,412
Fred Roberts,79,19.4,7.3,2.7,5.1,53.6,0.0,0.1,25.0,1.8,2.2,83.7,1.3,2.6,3.8,1.2,0.7,0.5,1.3,1.0,413
Rod Foster,80,17.8,8.3,3.3,7.3,44.8,0.3,1.1,26.2,1.5,1.9,78.7,0.5,1.0,1.5,2.2,0.7,0.1,1.4,0.0,414
Jon Sundvold,73,17.6,6.9,3.0,6.7,44.5,0.1,0.5,24.3,0.9,1.0,88.9,0.3,0.9,1.2,3.3,0.4,0.0,1.1,1.0,416
Clyde Drexler*,82,17.2,7.7,3.1,6.8,45.1,0.0,0.0,25.0,1.5,2.1,72.8,1.4,1.5,2.9,1.9,1.3,0.3,1.5,1.0,417
Jim Thomas,72,16.9,6.3,2.6,5.6,46.4,0.0,0.2,9.1,1.1,1.5,72.7,0.8,1.3,2.1,1.8,0.8,0.1,1.0,0.0,418
Darrell Walker,82,16.1,7.9,2.6,6.3,41.7,0.0,0.2,26.7,2.5,3.2,79.1,0.9,1.1,2.0,3.5,1.6,0.2,2.4,1.0,419
Sidney Lowe,78,15.9,4.2,1.4,3.3,41.3,0.0,0.2,11.1,1.4,1.8,77.7,0.4,1.2,1.6,3.4,1.2,0.1,1.4,0.0,420
Dale Ellis,67,15.8,8.2,3.4,7.4,45.6,0.2,0.4,41.4,1.3,1.8,71.9,1.6,2.1,3.7,0.8,0.6,0.1,1.2,1.0,421
Darren Daye,75,15.7,6.1,2.4,5.4,44.1,0.0,0.1,0.0,1.3,1.8,71.4,1.2,1.3,2.5,2.3,0.5,0.2,1.3,1.0,422
Sidney Green,49,13.6,5.2,2.0,4.7,43.9,0.0,0.0,0.0,1.1,1.6,71.4,1.2,2.4,3.6,0.5,0.4,0.3,1.2,1.0,424
Granville Waiters,78,13.3,3.6,1.6,3.1,51.7,0.0,0.0,0.0,0.4,0.7,60.8,0.8,2.1,2.9,0.8,0.3,1.1,0.8,1.0,425
C.J. McCollum,38,12.5,5.3,1.9,4.7,41.6,0.8,2.1,37.5,0.6,0.9,67.6,0.2,1.1,1.3,0.7,0.4,0.1,0.9,0.0,426
Howard Carter,55,12.5,6.2,2.6,5.7,45.9,0.1,0.3,26.3,0.9,1.1,77.0,0.7,0.9,1.6,1.3,0.3,0.1,0.8,0.0,427
Scooter McCray,47,11.1,2.7,1.0,2.6,38.8,0.0,0.0,0.0,0.7,1.1,70.0,1.0,1.5,2.4,0.9,0.2,0.4,0.7,0.0,429
Sedale Threatt,45,10.3,3.3,1.4,3.3,41.9,0.0,0.2,12.5,0.5,0.6,82.1,0.4,0.5,0.9,0.9,0.3,0.0,0.7,1.0,430
Randy Breuer,57,8.3,2.9,1.2,3.1,38.4,0.0,0.0,0.0,0.6,0.8,69.6,0.8,1.1,1.9,0.3,0.2,0.7,0.6,1.0,434
Kris Dunn,33,16.9,4.1,1.5,4.1,37.3,0.3,0.9,29.0,0.8,1.2,62.5,0.4,1.9,2.2,2.4,1.0,0.3,1.2,0.0,436
Robbie Hummel,53,12.4,3.4,1.3,3.3,37.9,0.6,1.7,36.0,0.3,0.3,93.8,0.7,1.8,2.5,0.4,0.3,0.0,0.2,0.0,437
Bob Hansen,55,7.6,2.7,1.2,2.6,44.8,0.0,0.1,0.0,0.3,0.5,64.3,0.2,0.6,0.9,0.8,0.3,0.1,0.6,1.0,440
Greg Kite,35,5.6,1.9,0.9,1.9,45.5,0.0,0.0,0.0,0.1,0.5,31.3,0.8,1.0,1.8,0.2,0.0,0.1,0.6,1.0,441
Terry Cummings,70,36.2,23.7,9.8,18.7,52.3,0.0,0.0,0.0,4.2,5.9,70.9,4.3,6.3,10.6,2.5,1.8,0.9,2.9,1.0,442
Clark Kellogg,81,34.1,20.1,8.4,17.5,47.9,0.0,0.2,22.2,3.2,4.3,74.1,4.2,6.4,10.6,2.8,1.7,0.5,2.7,1.0,443
Quintin Dailey,76,27.4,15.1,6.2,13.3,46.6,0.1,0.3,20.0,2.7,3.7,73.0,1.1,2.3,3.4,3.7,0.9,0.1,2.7,1.0,444
Rod Higgins,82,26.8,10.3,3.8,8.5,44.8,0.2,0.5,31.7,2.5,3.2,79.2,1.9,2.5,4.5,2.1,0.8,0.8,1.6,1.0,445
Craig Hodges,76,26.6,9.9,4.2,9.3,45.2,0.3,1.2,22.2,1.2,1.7,72.3,0.7,0.9,1.6,3.6,1.1,0.1,2.1,1.0,446
Jeff Withey,58,11.8,3.3,1.2,2.2,53.5,0.0,0.0,0.0,0.9,1.3,71.2,0.8,1.7,2.6,0.4,0.3,0.9,0.3,0.0,447
James Worthy*,77,25.6,13.4,5.8,10.0,57.9,0.0,0.1,25.0,1.8,2.9,62.4,2.0,3.1,5.2,1.7,1.2,0.8,2.3,1.0,448
Trent Tucker,78,23.5,8.4,3.8,8.3,46.2,0.2,0.4,46.7,0.6,0.8,67.2,1.0,1.8,2.8,2.5,0.7,0.1,0.9,1.0,449
Terry Teagle,73,23.4,10.4,4.5,10.6,42.8,0.1,0.4,34.5,1.2,1.7,69.6,1.0,1.6,2.7,2.1,0.7,0.3,1.9,1.0,450
Marc Iavaroni,80,20.2,5.1,2.0,4.4,46.2,0.0,0.0,0.0,1.0,1.4,69.0,1.5,2.7,4.1,1.0,0.4,0.6,1.7,1.0,451
Ed Nealy,82,20.0,4.4,1.8,3.0,59.5,0.0,0.0,0.0,0.9,1.4,61.4,2.1,3.8,5.9,0.8,0.8,0.1,0.6,1.0,452
Rob Williams,74,19.5,7.0,2.6,6.3,40.8,0.0,0.2,13.3,1.8,2.4,75.3,0.5,1.3,1.8,4.9,1.2,0.2,2.5,0.0,453
Brandon Davies,51,11.3,2.8,1.1,2.5,42.2,0.0,0.2,20.0,0.7,1.0,64.2,0.7,1.4,2.1,0.5,0.5,0.2,0.7,0.0,456
Lester Conner,75,18.9,4.9,1.9,4.0,47.9,0.0,0.1,0.0,1.1,1.5,69.9,0.9,2.0,2.9,3.4,1.6,0.1,1.3,1.0,457
Mark Eaton,81,18.9,4.3,1.8,4.4,41.4,0.0,0.0,0.0,0.7,1.1,65.6,1.1,4.6,5.7,1.4,0.3,3.4,1.7,1.0,458
Bill Garnett,75,18.8,6.3,2.3,4.3,53.3,0.0,0.0,0.0,1.7,2.3,74.1,1.9,3.5,5.4,1.4,0.6,0.9,1.1,0.0,459
Jeff Taylor,44,17.6,3.6,1.5,3.6,40.0,0.0,0.0,0.0,0.7,1.0,65.2,0.6,1.2,1.8,2.5,0.9,0.3,1.4,0.0,460
Jeff Taylor,77,19.6,6.1,2.2,5.2,43.1,0.7,2.0,34.4,1.0,1.3,72.8,0.7,1.3,1.9,0.8,0.6,0.2,0.6,0.0,461
Sleepy Floyd,76,16.4,8.1,3.0,6.9,42.9,0.1,0.3,40.0,2.0,2.4,83.3,0.7,1.1,1.8,1.8,0.8,0.2,1.4,1.0,463
Russ Schoene,77,15.9,6.2,2.7,5.6,47.6,0.0,0.1,25.0,0.8,1.1,73.5,1.2,2.1,3.3,0.8,0.3,0.3,1.1,0.0,465
John Bagley,68,14.6,5.7,2.4,5.5,43.2,0.0,0.2,0.0,0.9,1.2,76.2,0.3,1.2,1.4,2.5,0.8,0.1,1.7,1.0,466
Archie Goodwin,52,10.3,3.7,1.5,3.2,45.5,0.1,0.7,13.9,0.7,1.1,67.3,0.5,1.2,1.7,0.4,0.4,0.2,0.8,0.0,467
LaSalle Thompson,71,13.9,5.4,2.1,4.0,51.2,0.0,0.0,0.0,1.3,1.9,65.0,1.9,3.4,5.3,0.5,0.6,0.9,1.4,1.0,469
Bruce Flowers,53,13.2,4.9,2.1,3.9,53.4,0.0,0.0,0.0,0.8,1.0,77.4,1.3,2.1,3.4,0.9,0.4,0.2,0.8,0.0,470
Walker Russell,68,11.1,2.7,1.0,2.7,36.4,0.0,0.3,11.1,0.7,0.9,81.0,0.3,0.8,1.1,1.9,0.2,0.0,1.4,0.0,472
Dave Batton,54,10.3,3.3,1.6,3.5,44.5,0.0,0.1,0.0,0.1,0.3,47.1,0.8,1.4,2.2,0.5,0.3,0.2,0.5,0.0,475
Darren Tillis,52,10.1,3.2,1.5,3.5,42.0,0.0,0.0,0.0,0.3,0.5,57.1,0.8,1.7,2.5,0.3,0.1,0.6,0.4,0.0,476
Brook Steppe,62,9.8,4.0,1.4,2.8,47.7,0.0,0.1,14.3,1.2,1.6,76.0,0.4,0.8,1.2,1.1,0.4,0.1,0.9,1.0,477
Rory White,65,9.6,5.0,2.0,3.6,54.3,0.0,0.0,0.0,1.1,1.7,64.2,0.7,0.9,1.6,0.5,0.3,0.0,0.8,1.0,478
Andre Roberson,40,10.0,1.9,0.8,1.7,48.5,0.1,0.3,15.4,0.2,0.3,70.0,0.9,1.5,2.4,0.4,0.5,0.3,0.5,0.0,479
Linton Townes,55,9.4,4.5,1.9,4.3,44.9,0.2,0.5,36.0,0.5,0.7,73.7,0.5,0.6,1.2,0.6,0.3,0.1,0.6,0.0,480
Eddie Phillips,48,8.7,3.2,1.2,2.9,40.6,0.0,0.0,0.0,0.8,1.2,67.8,0.6,1.0,1.6,0.6,0.3,0.2,1.0,0.0,481
Jim Johnstone,23,8.3,1.3,0.5,1.3,36.7,0.0,0.0,0.0,0.4,0.9,45.0,0.7,1.3,2.0,0.5,0.1,0.3,0.7,0.0,482
Jose Slaughter,63,8.2,3.6,1.4,3.8,37.4,0.1,0.7,22.0,0.6,0.9,64.4,0.5,0.5,1.1,0.8,0.6,0.1,0.7,0.0,483
Rickey Williams,44,7.9,3.3,1.3,3.1,41.5,0.0,0.1,0.0,0.8,1.2,66.0,0.3,0.5,0.9,0.8,0.5,0.1,0.9,0.0,484
Ricky Pierce,39,6.8,2.2,0.8,2.3,37.5,0.0,0.2,14.3,0.5,0.8,56.3,0.4,0.5,0.9,0.4,0.2,0.1,0.5,1.0,486
Mark McNamara,36,5.1,2.2,0.8,1.8,45.3,0.0,0.0,0.0,0.6,1.3,44.4,0.9,1.2,2.1,0.2,0.1,0.1,1.0,1.0,487
Scott Hastings,31,4.5,1.2,0.4,1.2,34.2,0.0,0.1,0.0,0.4,0.6,55.0,0.5,0.8,1.3,0.1,0.2,0.0,0.3,1.0,488
Kelly Tripucka,82,37.5,21.6,7.8,15.6,49.6,0.1,0.3,22.7,6.0,7.6,79.7,2.7,2.7,5.4,3.3,1.1,0.2,3.4,1.0,490
Buck Williams,82,34.5,15.5,6.3,10.7,58.2,0.0,0.0,0.0,3.0,4.7,62.4,4.2,8.0,12.3,1.3,1.0,1.0,2.9,1.0,491
Tom Chambers,81,33.1,17.2,6.8,13.0,52.5,0.0,0.0,0.0,3.5,5.7,62.0,2.6,4.3,6.9,1.8,0.7,0.6,2.7,1.0,493
Herb Williams,82,27.8,11.5,5.0,10.4,47.7,0.0,0.1,28.6,1.5,2.3,67.0,2.1,5.2,7.4,1.7,0.7,2.2,1.7,1.0,496
Elston Turner,80,25.0,8.3,3.5,8.0,44.1,0.0,0.1,0.0,1.2,1.7,70.3,1.8,2.0,3.8,2.4,0.9,0.0,1.4,1.0,499
Steve Johnson,78,22.3,12.8,5.1,8.3,61.3,0.0,0.0,0.0,2.7,4.2,64.2,1.9,3.9,5.9,1.2,0.5,1.1,2.5,1.0,500
Gene Banks,80,21.3,9.6,3.9,8.2,47.7,0.0,0.1,0.0,1.8,2.7,68.4,2.0,3.2,5.1,1.8,0.7,0.2,1.3,1.0,502
Eddie Johnson,74,20.5,9.3,4.0,8.7,45.9,0.0,0.1,9.1,1.3,2.0,66.4,1.7,2.6,4.4,1.5,0.7,0.2,1.3,1.0,503
Eddie Johnson,74,20.5,9.3,4.0,8.7,45.9,0.0,0.1,9.1,1.3,2.0,66.4,1.7,2.6,4.4,1.5,0.7,0.2,1.3,1.0,504
Danny Schayes,82,19.8,7.9,3.1,6.4,48.1,0.0,0.0,0.0,1.7,2.3,75.7,1.6,3.6,5.2,1.8,0.6,0.9,1.8,1.0,505
Rudy Macklin,79,19.2,7.0,2.7,6.1,43.4,0.0,0.0,0.0,1.7,2.2,77.5,1.4,1.9,3.3,0.6,0.5,0.3,1.4,0.0,506
Kurt Rambis,64,17.7,4.6,1.8,3.6,51.8,0.0,0.0,0.0,0.9,1.8,50.4,1.8,3.6,5.4,0.9,0.9,1.2,1.2,1.0,508
Kurt Nimphius,63,17.2,5.3,2.2,4.7,46.1,0.0,0.0,,1.0,1.7,58.3,1.5,3.2,4.7,1.0,0.3,1.3,0.9,1.0,509
Jim Brogan,63,16.3,6.3,2.6,5.8,45.3,0.1,0.5,28.1,1.0,1.3,72.6,1.0,0.9,1.9,2.5,0.8,0.2,1.3,0.0,512
John Douglas,64,16.1,7.0,2.8,6.1,46.5,0.3,0.9,30.5,1.0,1.6,65.7,0.4,1.0,1.4,2.3,0.8,0.1,1.4,0.0,513
Kevin Loder,71,16.0,6.9,2.9,6.3,46.4,0.0,0.2,0.0,1.1,1.5,72.0,1.0,1.8,2.7,1.2,0.5,0.4,1.0,0.0,514
Orlando Woolridge,75,15.8,7.3,2.7,5.3,51.3,0.0,0.0,0.0,1.9,2.7,69.9,1.1,1.9,3.0,1.1,0.3,0.3,1.4,1.0,515
Alton Lister,80,14.8,4.5,1.9,3.6,51.9,0.0,0.0,0.0,0.8,1.5,52.0,1.4,3.5,4.8,1.1,0.2,1.5,1.6,1.0,516
Larry Nance,80,14.8,6.6,2.8,5.5,52.1,0.0,0.0,0.0,0.9,1.5,64.1,1.2,2.0,3.2,1.0,0.5,0.9,1.3,1.0,517
Danny Vranes,77,14.0,4.9,1.9,3.4,54.6,0.0,0.0,0.0,1.2,1.9,60.1,0.9,1.6,2.6,0.7,0.4,0.3,0.9,1.0,518
Ed Rains,49,13.0,3.9,1.6,3.6,43.5,0.0,0.0,0.0,0.8,1.3,59.4,0.8,0.9,1.6,0.8,0.4,0.0,0.5,0.0,519
Jim Smith,72,11.9,2.9,1.2,2.3,50.9,0.0,0.0,,0.5,1.2,45.9,1.0,1.5,2.5,0.6,0.3,0.7,0.7,0.0,521
Jeff Lamp,54,11.4,4.6,1.9,3.6,51.0,0.0,0.0,0.0,0.9,1.1,82.0,0.4,0.7,1.2,0.5,0.3,0.0,0.8,1.0,522
Charlie Davis,54,10.6,3.8,1.6,3.4,47.8,0.0,0.0,0.0,0.6,0.7,81.1,1.0,1.5,2.5,0.6,0.2,0.2,0.8,0.0,525
Danny Ainge,53,10.6,4.1,1.5,4.2,35.7,0.1,0.3,29.4,1.1,1.2,86.2,0.5,0.6,1.1,1.6,0.7,0.1,1.0,1.0,526
Mike McGee,39,9.0,4.9,2.1,4.4,46.5,0.0,0.1,0.0,0.8,1.4,58.5,0.9,0.4,1.3,0.4,0.5,0.1,0.9,1.0,527
Alex Bradley,39,8.5,3.5,1.4,2.6,52.4,0.0,0.0,0.0,0.7,1.2,60.4,0.8,0.9,1.7,0.3,0.3,0.1,0.7,0.0,529
Franklin Edwards,42,6.9,3.6,1.5,3.6,43.3,0.0,0.2,0.0,0.5,0.6,74.1,0.2,0.4,0.6,1.1,0.4,0.1,0.6,1.0,532
Bobby Cattage,49,6.9,3.1,1.2,2.8,44.4,0.0,0.0,0.0,0.6,0.8,73.2,0.4,1.0,1.5,0.1,0.1,0.0,0.4,0.0,533
Charles Bradley,51,6.6,3.0,1.1,2.4,45.1,0.0,0.0,0.0,0.8,1.2,67.7,0.2,0.5,0.7,0.4,0.3,0.1,0.7,0.0,534
Kevin McKenna,36,6.6,1.9,0.8,2.4,32.2,0.0,0.1,0.0,0.3,0.5,64.7,0.5,0.3,0.8,0.4,0.3,0.1,0.6,1.0,535
Joe Barry Carroll,82,35.6,18.9,7.5,15.3,49.1,0.0,0.0,0.0,3.8,5.4,71.6,3.3,5.9,9.3,1.4,0.6,1.5,3.0,1.0,536
Darrell Griffith,81,35.4,20.6,8.8,19.1,46.4,0.1,0.6,19.2,2.8,4.0,71.6,1.0,2.6,3.6,2.4,1.3,0.5,2.9,1.0,537
Larry Smith,82,31.4,9.6,3.7,7.2,51.2,0.0,0.0,0.0,2.2,3.7,58.8,5.3,6.8,12.1,1.1,0.8,0.8,1.8,1.0,538
Kelvin Ransey,80,30.4,15.2,6.6,14.5,45.2,0.0,0.4,9.7,2.1,2.7,74.9,0.5,1.9,2.4,6.9,1.1,0.1,2.9,1.0,540
Malcolm Delaney,33,16.4,5.3,2.0,5.3,37.1,0.2,1.4,17.4,1.1,1.3,86.0,0.2,1.5,1.6,2.8,0.4,0.0,1.5,0.0,541
Otto Porter,37,8.6,2.1,0.9,2.5,36.3,0.1,0.6,19.0,0.2,0.3,66.7,0.6,1.0,1.5,0.3,0.2,0.0,0.4,0.0,542
Darwin Cook,81,24.4,11.2,4.7,10.1,46.8,0.1,0.3,24.0,1.6,2.2,73.3,1.2,1.7,2.9,3.7,1.7,0.4,2.2,1.0,546
Andrew Toney,75,23.6,12.9,5.3,10.7,49.5,0.1,0.4,31.0,2.1,3.0,71.2,0.4,1.5,1.9,3.6,0.8,0.1,2.9,1.0,547
Cedrick Hordges,68,23.5,8.4,3.3,7.1,46.0,0.0,0.0,0.0,1.9,2.7,69.9,1.8,5.0,6.7,1.5,0.5,0.3,1.8,0.0,548
Calvin Garrett,70,23.4,6.1,2.7,5.9,45.3,0.0,0.0,33.3,0.7,0.9,80.6,1.2,2.6,3.8,1.9,0.7,0.1,1.3,0.0,549
Don Collins,81,22.8,11.5,4.4,10.0,44.4,0.0,0.1,0.0,2.6,3.4,77.6,1.6,1.7,3.3,2.3,1.3,0.3,2.1,1.0,550
Louis Orr,82,21.8,10.5,4.2,8.6,49.1,0.0,0.1,0.0,2.0,2.5,80.7,2.1,2.3,4.4,1.6,0.7,0.3,1.5,1.0,551
Reggie Johnson,79,21.7,10.2,4.3,8.6,49.9,0.0,0.0,0.0,1.6,2.4,66.3,1.7,2.9,4.5,1.0,0.6,0.6,1.6,0.0,552
Larry Drew,76,20.8,6.6,2.6,6.4,40.7,0.1,0.2,23.5,1.4,1.8,79.7,0.3,1.3,1.6,3.3,1.2,0.1,2.2,1.0,553
Larry Drew,76,20.8,6.6,2.6,6.4,40.7,0.1,0.2,23.5,1.4,1.8,79.7,0.3,1.3,1.6,3.3,1.2,0.1,2.2,0.0,554
Kevin McHale*,82,20.1,10.0,4.3,8.1,53.3,0.0,0.0,0.0,1.3,1.9,67.9,1.9,2.5,4.4,0.7,0.3,1.8,1.3,1.0,555
Lowes Moore,71,19.8,7.0,3.0,6.7,44.4,0.1,0.4,14.8,1.0,1.3,75.0,0.6,1.8,2.4,3.2,0.9,0.2,1.5,0.0,556
Johnny Moore,82,19.2,7.4,3.0,6.3,47.9,0.0,0.2,5.3,1.3,2.1,61.0,0.7,1.7,2.4,4.5,1.5,0.3,1.9,1.0,558
Kyle Macy,82,17.9,8.1,3.3,6.5,51.1,0.1,0.6,23.5,1.3,1.5,89.9,0.5,1.1,1.6,2.0,0.9,0.1,1.2,1.0,560
Bill Hanzlik,74,17.0,5.4,1.9,3.9,47.8,0.0,0.1,20.0,1.6,2.0,79.3,0.9,1.2,2.1,1.5,0.8,0.3,1.1,1.0,561
Solomon Hill,28,8.1,1.7,0.6,1.4,42.5,0.3,0.8,30.4,0.2,0.3,85.7,0.3,1.1,1.5,0.4,0.2,0.1,0.5,0.0,562
Edgar Jones,60,15.8,8.7,3.2,6.0,52.9,0.0,0.1,0.0,2.4,3.6,67.0,1.5,2.9,4.4,0.7,0.6,1.4,1.7,1.0,563
Sam Worthen,64,14.8,3.7,1.5,3.0,49.5,0.0,0.1,0.0,0.7,0.9,75.0,0.3,1.5,1.8,1.8,0.9,0.1,1.4,0.0,564
James Johnson,65,11.6,3.9,1.5,3.2,45.2,0.2,0.7,32.6,0.8,1.1,72.9,0.5,1.4,2.0,0.7,0.3,0.7,0.9,1.0,566
Lorenzo Romar,53,13.7,4.1,1.6,4.0,41.2,0.0,0.1,33.3,0.8,1.2,68.3,0.2,0.9,1.1,2.6,0.5,0.1,1.0,1.0,567
Butch Carter,54,12.4,5.6,2.1,4.6,46.2,0.1,0.2,30.0,1.3,1.8,73.7,0.6,0.6,1.2,1.0,0.4,0.0,0.9,1.0,570
James Wilkes,48,11.3,4.1,1.8,3.8,46.2,0.0,0.0,0.0,0.6,0.9,69.0,0.8,1.3,2.0,0.6,0.5,0.3,0.7,0.0,573
Shabazz Muhammad,37,7.8,3.9,1.5,3.4,46.0,0.1,0.3,27.3,0.7,1.1,65.0,0.6,0.8,1.4,0.2,0.2,0.0,0.4,0.0,574
Earl Cureton,52,10.2,4.2,1.8,3.9,45.4,0.0,0.0,0.0,0.6,1.2,51.6,1.0,2.0,3.0,0.5,0.4,0.4,0.6,1.0,577
Billy Reid,59,10.1,3.2,1.4,3.1,45.4,0.0,0.1,0.0,0.4,0.7,56.4,0.5,0.6,1.0,1.2,0.6,0.1,1.3,0.0,578
Mike Harper,55,8.4,2.7,1.0,2.5,41.2,0.0,0.1,0.0,0.7,1.5,43.5,0.5,1.2,1.7,0.3,0.4,0.4,0.6,0.0,581
Mike Niles,44,5.3,2.6,1.1,3.1,34.8,0.0,0.1,50.0,0.4,0.8,45.9,0.6,0.7,1.3,0.3,0.2,0.0,0.6,0.0,582
Dionte Christmas,31,6.4,2.3,0.7,2.0,35.5,0.3,1.0,29.0,0.6,0.8,75.0,0.4,0.8,1.2,0.3,0.1,0.1,0.2,0.0,584
Damian Lillard,82,38.6,19.0,6.7,15.7,42.9,2.3,6.1,36.8,3.3,3.9,84.4,0.5,2.6,3.1,6.5,0.9,0.2,3.0,1.0,585
Bradley Beal,56,31.2,13.9,5.0,12.3,41.0,1.6,4.2,38.6,2.2,2.8,78.6,0.8,3.0,3.8,2.4,0.9,0.5,1.6,1.0,586
Semaj Christon,33,15.6,3.0,1.3,4.0,31.8,0.2,1.1,16.7,0.3,0.5,52.9,0.4,1.0,1.4,2.5,0.4,0.1,0.7,0.0,587
Anthony Davis,64,28.8,13.5,5.5,10.6,51.6,0.0,0.1,0.0,2.6,3.5,75.1,2.6,5.6,8.2,1.0,1.2,1.8,1.4,1.0,588
Dion Waiters,61,28.8,14.7,5.5,13.4,41.2,1.0,3.3,31.0,2.6,3.5,74.6,0.4,2.1,2.4,3.0,1.0,0.3,2.0,1.0,589
Kyle Singler,82,28.0,8.8,3.4,7.8,42.8,0.9,2.4,35.0,1.2,1.5,80.6,1.3,2.7,4.0,0.9,0.7,0.5,1.2,1.0,590
Tyler Zeller,77,26.4,7.9,3.2,7.3,43.8,0.0,0.1,0.0,1.6,2.0,76.4,2.1,3.6,5.7,1.2,0.5,0.9,1.2,1.0,591
Michael Kidd-Gilchrist,78,26.0,9.0,3.6,7.9,45.8,0.0,0.1,22.2,1.8,2.4,74.9,1.7,4.2,5.8,1.5,0.7,0.9,1.3,1.0,593
Austin Rivers,61,23.2,6.2,2.4,6.4,37.2,0.5,1.4,32.6,1.0,1.8,54.6,0.3,1.5,1.8,2.1,0.4,0.1,1.2,1.0,595
Caris LeVert,12,15.5,4.7,1.6,4.4,35.8,0.8,2.6,32.3,0.7,1.0,66.7,0.3,2.3,2.6,1.3,0.9,0.2,0.6,0.0,596
Jared Sullinger,45,19.8,6.0,2.5,5.0,49.3,0.0,0.1,20.0,1.0,1.4,74.6,2.0,3.8,5.9,0.8,0.5,0.5,0.6,0.0,598
Chris Copeland,56,15.4,8.7,3.3,6.8,47.9,1.1,2.5,42.1,1.1,1.5,75.9,0.6,1.5,2.1,0.5,0.3,0.2,0.9,0.0,604
Thomas Robinson,70,15.1,4.8,2.0,4.6,43.0,0.0,0.0,0.0,0.8,1.6,52.3,1.7,2.8,4.5,0.7,0.6,0.4,1.3,1.0,605
Kendall Marshall,48,14.6,3.0,1.2,3.1,37.1,0.5,1.5,31.5,0.2,0.3,57.1,0.1,0.8,0.9,3.0,0.5,0.1,1.2,0.0,607
Draymond Green,79,13.4,2.9,1.1,3.3,32.7,0.2,0.8,20.9,0.6,0.7,81.8,0.7,2.6,3.3,0.7,0.5,0.3,0.7,1.0,608
Darius Miller,52,13.3,2.3,0.8,2.1,40.7,0.4,1.1,39.3,0.2,0.2,100.0,0.2,1.3,1.5,0.8,0.3,0.2,0.4,0.0,609
John Henson,63,13.1,6.0,2.6,5.3,48.2,0.0,0.0,0.0,0.9,1.7,53.3,1.8,2.9,4.7,0.5,0.3,0.7,0.8,1.0,610
DeQuan Jones,63,12.7,3.7,1.5,3.5,43.6,0.1,0.6,25.7,0.5,0.8,66.7,0.3,1.4,1.7,0.3,0.3,0.3,0.5,0.0,612
Doron Lamb,47,12.3,3.3,1.3,3.5,36.8,0.3,0.8,37.8,0.4,0.7,58.8,0.2,0.8,1.0,0.7,0.3,0.0,0.6,0.0,613
Orlando Johnson,51,12.1,4.0,1.4,3.5,40.0,0.7,1.8,38.3,0.5,0.6,71.9,0.4,1.8,2.2,0.9,0.2,0.2,0.6,0.0,615
Arnett Moultrie,47,11.5,3.7,1.7,2.9,58.2,0.0,0.0,0.0,0.4,0.6,64.3,1.6,1.5,3.1,0.2,0.4,0.2,0.4,0.0,616
Kyle O'Quinn,57,11.2,4.1,1.8,3.5,51.3,0.0,0.0,0.0,0.5,0.8,66.7,1.1,2.5,3.7,0.9,0.2,0.5,0.7,1.0,617
Bernard James,46,9.9,2.8,1.2,2.2,51.5,0.0,0.0,0.0,0.5,0.9,61.0,1.1,1.7,2.8,0.1,0.3,0.8,0.4,0.0,618
Kim English,41,9.9,2.9,1.0,2.7,37.5,0.3,1.2,28.0,0.5,0.7,72.4,0.2,0.7,0.9,0.6,0.4,0.1,0.5,0.0,619
Rodney McGruder,30,25.7,5.8,2.1,5.3,40.0,0.8,2.6,32.5,0.7,1.0,72.4,1.5,2.0,3.5,1.5,0.7,0.3,0.7,0.0,620
Mike Scott,40,9.4,4.6,1.8,3.7,47.6,0.0,0.0,0.0,1.1,1.4,76.8,1.0,1.8,2.8,0.3,0.1,0.1,0.5,1.0,621
Marquis Teague,48,8.2,2.1,0.9,2.4,38.1,0.1,0.5,17.4,0.2,0.3,56.3,0.1,0.9,0.9,1.3,0.2,0.1,0.7,0.0,622
Tony Wroten,35,7.8,2.6,0.9,2.5,38.4,0.1,0.5,25.0,0.6,0.8,72.4,0.4,0.4,0.8,1.2,0.2,0.1,0.8,0.0,623
Jeremy Lamb,23,6.4,3.1,1.0,3.0,35.3,0.4,1.3,30.0,0.6,0.6,100.0,0.2,0.6,0.8,0.2,0.1,0.1,0.3,1.0,625
Brandon Knight,66,32.3,12.8,4.8,11.7,41.5,1.6,4.2,38.0,1.6,2.1,75.9,0.5,2.7,3.2,3.8,0.7,0.1,2.6,1.0,626
MarShon Brooks,56,29.4,12.6,4.9,11.4,42.8,0.8,2.7,31.3,2.0,2.6,76.4,1.3,2.3,3.6,2.3,0.9,0.3,2.1,0.0,627
Iman Shumpert,59,28.9,9.5,3.6,9.1,40.1,0.8,2.7,30.6,1.5,1.8,79.8,0.7,2.4,3.2,2.8,1.7,0.1,1.9,1.0,628
Chandler Parsons,63,28.6,9.5,3.9,8.7,45.2,1.0,2.8,33.7,0.7,1.2,55.1,1.4,3.3,4.8,2.1,1.2,0.5,1.3,1.0,629
Kawhi Leonard,64,24.0,7.9,3.1,6.3,49.3,0.6,1.7,37.6,1.1,1.4,77.3,1.6,3.5,5.1,1.1,1.3,0.4,0.7,1.0,633
Chris Singleton,66,21.7,4.6,1.8,4.7,37.2,0.7,1.9,34.6,0.5,0.7,68.2,0.7,2.9,3.5,0.7,1.1,0.5,0.6,0.0,636
Derrick Williams,66,21.5,8.8,3.1,7.5,41.2,0.6,2.1,26.8,2.1,3.0,69.7,1.2,3.5,4.7,0.6,0.5,0.5,1.2,1.0,637
Donald Sloan,33,20.3,5.5,2.4,6.0,39.9,0.1,0.8,8.0,0.7,0.9,76.7,0.5,1.5,2.0,3.2,0.4,0.1,1.5,1.0,638
Markieff Morris,63,19.5,7.4,2.8,6.9,39.9,0.7,2.0,34.7,1.2,1.7,71.7,1.1,3.3,4.4,1.0,0.7,0.7,1.1,1.0,639
Norris Cole,65,19.4,6.8,2.7,6.9,39.3,0.3,1.2,27.6,1.0,1.3,77.6,0.3,1.1,1.4,2.0,0.7,0.0,1.6,1.0,640
Jimmer Fredette,61,18.6,7.6,2.8,7.3,38.6,1.3,3.5,36.1,0.7,0.8,83.3,0.3,0.9,1.2,1.8,0.5,0.1,1.1,1.0,641
Charles Jenkins,51,17.5,5.8,2.5,5.7,44.7,0.1,0.4,15.0,0.7,0.8,87.2,0.2,1.2,1.3,3.3,0.7,0.1,1.2,0.0,642
Jaylen Brown,34,13.4,4.9,1.9,4.4,44.6,0.4,1.1,31.6,0.7,1.1,63.2,0.6,1.2,1.8,0.6,0.3,0.3,0.6,0.0,643
Ivan Johnson,56,16.7,6.4,2.5,4.9,51.3,0.0,0.1,33.3,1.3,1.8,72.0,1.2,2.9,4.0,0.6,0.8,0.3,1.2,0.0,644
Lance Thomas,42,15.0,4.0,1.4,3.0,45.2,0.0,0.0,0.0,1.2,1.5,83.9,1.2,1.8,3.0,0.3,0.2,0.2,0.6,1.0,647
Jordan Williams,43,14.8,4.6,1.8,3.5,50.7,0.0,0.0,0.0,1.0,1.5,65.2,1.5,2.1,3.6,0.3,0.5,0.3,0.5,0.0,648
Jeremy Tyler,42,13.5,4.9,2.1,5.0,42.1,0.0,0.0,0.0,0.7,1.2,55.8,1.3,2.0,3.3,0.4,0.4,0.5,0.9,0.0,651
Malcolm Lee,19,12.8,3.3,1.2,3.1,39.0,0.1,0.5,20.0,0.7,0.9,82.4,0.5,0.9,1.4,1.6,0.4,0.2,0.9,0.0,652
Nolan Smith,44,12.3,3.8,1.5,4.1,37.2,0.3,1.0,28.9,0.5,0.6,71.4,0.4,0.9,1.3,1.4,0.4,0.1,0.9,0.0,653
Jon Leuer,46,12.1,4.7,2.1,4.2,50.8,0.1,0.2,33.3,0.5,0.6,75.0,1.0,1.6,2.6,0.5,0.3,0.4,0.4,1.0,655
Tobias Harris,42,11.4,5.0,1.9,4.0,46.7,0.1,0.5,26.1,1.0,1.3,81.5,0.7,1.7,2.4,0.5,0.3,0.2,0.7,1.0,656
Cory Higgins,38,11.1,3.9,1.4,4.2,32.5,0.1,0.5,20.0,1.1,1.6,70.0,0.2,0.7,0.9,0.9,0.1,0.2,1.0,0.0,657
Andrew Goudelock,40,10.5,4.4,1.7,4.4,39.1,0.7,1.9,37.3,0.3,0.3,91.7,0.1,0.7,0.8,0.5,0.1,0.0,0.5,0.0,658
Jordan Hamilton,26,9.9,4.4,1.8,4.3,43.2,0.7,1.8,36.2,0.1,0.2,40.0,0.4,2.0,2.4,0.8,0.1,0.1,0.6,1.0,659
Patrick McCaw,26,12.2,2.8,1.1,2.8,38.9,0.6,1.5,37.5,0.1,0.2,50.0,0.3,0.8,1.0,1.0,0.4,0.3,0.6,0.0,661
Jeremy Pargo,44,9.6,2.9,1.1,3.4,33.3,0.2,0.9,26.3,0.4,0.6,59.3,0.3,0.6,0.8,1.3,0.3,0.0,1.1,0.0,662
Jimmy Butler,42,8.5,2.6,0.8,1.9,40.5,0.0,0.3,18.2,1.0,1.3,76.8,0.5,0.8,1.3,0.3,0.3,0.1,0.3,1.0,664
Blake Griffin,82,38.0,22.5,8.5,16.8,50.6,0.1,0.3,29.2,5.4,8.5,64.2,3.3,8.8,12.1,3.8,0.8,0.6,2.7,1.0,666
Landry Fields,82,31.0,9.7,3.6,7.3,49.7,1.0,2.7,39.3,1.4,1.8,76.9,1.3,5.1,6.4,1.9,1.0,0.2,1.3,1.0,668
DeMarcus Cousins,81,28.5,14.1,5.3,12.4,43.0,0.0,0.2,16.7,3.4,5.0,68.7,2.7,6.0,8.6,2.5,1.1,0.8,3.3,1.0,669
Greg Monroe,80,27.8,9.4,3.8,6.9,55.1,0.0,0.0,0.0,1.8,2.9,62.2,3.1,4.4,7.5,1.3,1.2,0.6,1.0,1.0,670
Wesley Johnson,79,26.2,9.0,3.4,8.6,39.7,1.3,3.7,35.6,0.8,1.2,69.6,0.6,2.4,3.0,1.9,0.7,0.7,1.2,1.0,671
Jordan Crawford,42,24.5,11.7,4.6,11.9,38.4,0.8,3.0,25.8,1.7,2.0,86.9,0.7,1.8,2.5,2.8,0.9,0.1,2.0,0.0,673
Evan Turner,78,23.0,7.2,2.9,6.8,42.5,0.2,0.6,31.8,1.3,1.6,80.8,0.5,3.4,3.9,2.0,0.6,0.2,1.0,1.0,674
Eric Bledsoe,81,22.7,6.7,2.5,6.0,42.4,0.4,1.4,27.6,1.2,1.6,74.4,0.8,1.9,2.8,3.6,1.1,0.3,2.4,1.0,675
Gary Neal,80,21.1,9.8,3.6,7.9,45.1,1.6,3.9,41.9,1.1,1.3,80.8,0.3,2.2,2.5,1.2,0.3,0.1,1.0,1.0,676
Kay Felder,15,11.0,5.4,1.8,4.1,43.5,0.3,0.6,44.4,1.5,2.0,76.7,0.1,1.1,1.3,1.9,0.4,0.2,0.7,0.0,679
Al-Farouq Aminu,81,17.9,5.6,2.0,5.0,39.4,0.6,1.8,31.5,1.1,1.5,77.3,0.9,2.4,3.3,0.7,0.7,0.3,1.3,1.0,680
Gordon Hayward,72,16.9,5.4,2.0,4.1,48.5,0.5,1.0,47.3,1.0,1.3,71.1,0.6,1.4,1.9,1.1,0.4,0.3,1.0,1.0,683
Patrick Patterson,52,16.7,6.3,2.9,5.1,55.8,0.0,0.0,0.0,0.6,0.8,71.4,1.7,2.2,3.8,0.8,0.3,0.7,0.6,1.0,684
Trevor Booker,65,16.4,5.3,2.1,3.9,54.9,0.0,0.0,0.0,1.0,1.6,67.3,1.5,2.4,3.9,0.5,0.5,0.7,0.6,1.0,685
Quincy Pondexter,66,11.1,2.8,1.1,2.7,40.6,0.3,0.8,36.0,0.4,0.5,70.6,0.3,1.0,1.3,0.4,0.3,0.1,0.2,1.0,688
Ish Smith,43,10.3,2.3,1.0,2.7,37.4,0.1,0.2,30.0,0.3,0.5,57.1,0.2,0.9,1.1,1.8,0.4,0.1,0.8,1.0,690
Lazar Hayward,42,10.0,3.8,1.3,3.7,35.7,0.4,1.4,28.3,0.8,1.0,78.6,0.5,1.1,1.7,0.7,0.3,0.2,0.5,0.0,691
Jeremy Evans,49,9.4,3.6,1.6,2.3,66.1,0.0,0.0,0.0,0.5,0.8,70.3,0.7,1.2,2.0,0.5,0.3,0.3,0.4,1.0,692
Cole Aldrich,18,7.9,1.0,0.4,0.8,53.3,0.0,0.0,0.0,0.1,0.2,50.0,0.7,1.2,1.9,0.2,0.3,0.4,0.4,1.0,693
Mustafa Shakur,22,7.2,2.3,1.0,2.7,35.6,0.0,0.5,10.0,0.4,0.7,53.3,0.3,0.7,1.0,1.1,0.2,0.1,0.8,0.0,695
Derrick Caracter,41,5.2,2.0,0.8,1.6,48.5,0.0,0.0,0.0,0.4,0.6,73.9,0.5,0.6,1.0,0.2,0.1,0.2,0.5,0.0,696
Stephen Curry,80,36.2,17.5,6.6,14.3,46.2,2.1,4.8,43.7,2.2,2.5,88.5,0.6,3.9,4.5,5.9,1.9,0.2,3.0,1.0,698
Brandon Jennings,82,32.6,15.5,5.5,14.8,37.1,1.8,4.7,37.4,2.7,3.3,81.7,0.6,2.8,3.4,5.7,1.3,0.2,2.4,1.0,699
Jonny Flynn,81,28.9,13.5,4.9,11.8,41.7,1.0,2.7,35.8,2.8,3.3,82.6,0.3,2.1,2.4,4.4,1.0,0.0,2.9,0.0,701
Wesley Matthews,82,24.7,9.4,3.3,6.9,48.3,0.8,2.0,38.2,2.0,2.4,82.9,0.6,1.7,2.3,1.5,0.8,0.2,1.1,1.0,705
Jrue Holiday,73,24.2,8.0,3.2,7.1,44.2,0.8,2.2,39.0,0.9,1.2,75.6,0.8,1.8,2.6,3.8,1.1,0.3,2.1,1.0,706
Taurean Waller-Prince,20,10.0,3.4,1.2,3.1,39.3,0.4,1.2,29.2,0.6,0.7,85.7,0.2,1.8,2.0,0.7,0.3,0.3,0.7,0.0,709
DeMar DeRozan,77,21.6,8.6,3.3,6.6,49.8,0.1,0.2,25.0,1.9,2.5,76.3,0.9,2.0,2.9,0.7,0.6,0.2,0.8,1.0,710
Ty Lawson,65,20.3,8.3,3.1,6.0,51.5,0.5,1.3,41.0,1.6,2.2,75.7,0.6,1.3,1.9,3.1,0.7,0.0,1.3,1.0,711
Chase Budinger,74,20.1,8.9,3.4,7.6,44.1,1.2,3.4,36.9,0.9,1.2,77.0,0.5,2.5,3.0,1.2,0.5,0.1,0.7,1.0,712
Toney Douglas,56,19.4,8.6,3.2,7.0,45.8,1.2,3.1,38.9,1.0,1.2,80.9,0.7,1.2,1.9,2.0,0.8,0.1,1.0,1.0,713
Wayne Ellington,76,18.2,6.6,2.5,5.9,42.4,0.8,2.1,39.5,0.8,0.9,87.1,0.4,1.7,2.1,1.0,0.3,0.1,1.0,1.0,715
Eric Maynor,81,15.7,4.7,1.9,4.5,41.8,0.3,0.9,31.0,0.6,0.9,72.2,0.3,1.3,1.6,3.3,0.5,0.1,1.1,1.0,717
A.J. Price,56,15.4,7.3,2.6,6.3,41.0,1.1,3.1,34.5,1.1,1.3,80.0,0.2,1.4,1.6,1.9,0.6,0.1,1.1,1.0,718
Jordan Hill,47,13.3,5.2,2.1,4.3,49.3,0.0,0.0,0.0,1.0,1.4,67.6,1.6,2.1,3.7,0.4,0.3,0.5,0.6,1.0,720
Austin Daye,69,13.3,5.1,2.0,4.3,46.4,0.4,1.4,30.5,0.7,0.8,82.1,0.5,2.0,2.5,0.5,0.4,0.4,0.7,1.0,721
Chris Hunter,60,13.1,4.5,1.8,3.6,50.2,0.0,0.1,0.0,0.9,1.2,75.4,0.9,1.9,2.8,0.6,0.2,0.6,0.5,0.0,722
Jon Brockman,52,12.6,2.8,1.1,2.0,53.4,0.0,0.0,0.0,0.7,1.2,59.7,2.0,2.1,4.1,0.4,0.3,0.1,0.4,0.0,723
Jodie Meeks,60,12.0,4.7,1.7,4.5,38.8,0.7,2.2,31.8,0.5,0.7,79.5,0.1,1.5,1.6,0.7,0.3,0.1,0.4,1.0,725
Dante Cunningham,63,11.2,3.9,1.7,3.4,49.5,0.0,0.0,0.0,0.5,0.8,64.6,0.9,1.7,2.5,0.2,0.4,0.3,0.2,1.0,726
Jeff Ayres,39,10.4,2.7,1.1,1.7,66.2,0.0,0.0,0.0,0.5,0.5,90.0,0.6,1.9,2.5,0.0,0.2,0.4,0.3,1.0,728
Derrick Brown,57,9.4,3.3,1.2,2.6,46.3,0.0,0.1,28.6,0.8,1.3,66.7,0.5,0.8,1.4,0.3,0.4,0.2,0.3,0.0,730
Gerald Henderson,43,8.3,2.6,0.9,2.4,35.6,0.1,0.4,21.1,0.8,1.1,74.5,0.3,0.9,1.3,0.3,0.2,0.2,0.3,1.0,732
Gerald Henderson,43,8.3,2.6,0.9,2.4,35.6,0.1,0.4,21.1,0.8,1.1,74.5,0.3,0.9,1.3,0.3,0.2,0.2,0.3,1.0,733
Earl Clark,51,7.5,2.7,1.1,3.0,37.1,0.0,0.1,40.0,0.5,0.7,72.2,0.4,0.9,1.2,0.4,0.1,0.3,0.5,1.0,734
Marcus Landry,18,6.2,2.4,0.9,2.4,37.2,0.5,1.6,32.1,0.2,0.3,60.0,0.3,0.8,1.1,0.0,0.1,0.1,0.3,0.0,736
Jahlil Okafor,53,30.0,17.5,7.5,14.7,50.8,0.0,0.1,16.7,2.5,3.7,68.6,2.3,4.7,7.0,1.2,0.4,1.1,2.3,0.0,737
O.J. Mayo,82,38.0,18.5,6.9,15.6,43.8,1.8,4.6,38.4,3.0,3.4,87.9,0.7,3.1,3.8,3.2,1.1,0.2,2.8,1.0,739
Derrick Rose,81,37.0,16.8,7.1,14.9,47.5,0.2,0.9,22.2,2.4,3.1,78.8,1.2,2.7,3.9,6.3,0.8,0.2,2.5,1.0,740
Russell Westbrook,82,32.5,15.3,5.3,13.4,39.8,0.4,1.6,27.1,4.3,5.2,81.5,2.2,2.7,4.9,5.3,1.3,0.2,3.3,1.0,742
Mario Chalmers,82,32.0,10.0,3.4,8.1,42.0,1.4,3.8,36.7,1.8,2.4,76.7,0.5,2.3,2.8,4.9,1.9,0.1,2.0,1.0,743
Jason Thompson,82,28.1,11.1,4.3,8.7,49.7,0.0,0.1,0.0,2.4,3.5,69.2,2.9,4.5,7.4,1.1,0.6,0.7,1.8,1.0,745
Justise Winslow,78,28.6,6.4,2.5,5.9,42.2,0.4,1.5,27.6,1.0,1.5,68.4,1.0,4.1,5.2,1.5,0.9,0.3,1.2,0.0,747
Kevin Love,81,25.3,11.1,3.9,8.5,45.9,0.0,0.2,10.5,3.3,4.1,78.9,3.4,5.7,9.1,1.0,0.4,0.6,1.5,1.0,748
Courtney Lee,77,25.2,8.4,3.2,7.0,45.0,1.1,2.6,40.4,1.0,1.2,83.0,0.2,2.1,2.3,1.2,1.0,0.2,0.9,1.0,749
Michael Beasley,81,24.8,13.9,5.6,11.8,47.2,0.4,1.0,40.7,2.3,3.0,77.2,1.4,4.1,5.4,1.0,0.5,0.5,1.5,1.0,750
Anthony Morrow,67,22.6,10.1,3.8,8.0,47.8,1.3,2.7,46.7,1.2,1.4,87.0,1.2,1.8,3.0,1.2,0.5,0.2,0.8,1.0,752
Kyle Weaver,56,20.8,5.3,2.0,4.4,45.9,0.6,1.7,34.4,0.7,1.0,70.7,0.6,1.8,2.3,1.8,0.8,0.5,1.2,0.0,754
Ryan Anderson,66,19.9,7.4,2.4,6.2,39.3,1.0,2.9,36.5,1.5,1.8,84.5,1.6,3.1,4.7,0.8,0.7,0.3,0.9,1.0,755
Darrell Arthur,76,19.3,5.6,2.5,5.7,43.8,0.0,0.0,0.0,0.5,0.8,66.7,1.4,3.1,4.6,0.6,0.7,0.7,0.6,1.0,756
George Hill,77,16.5,5.7,1.9,4.8,40.3,0.3,0.9,32.9,1.5,1.9,78.1,0.4,1.7,2.1,1.8,0.6,0.3,1.0,1.0,757
JaVale McGee,75,15.2,6.5,2.5,5.2,49.4,0.0,0.0,0.0,1.4,2.2,66.0,1.6,2.3,3.9,0.3,0.4,1.0,0.8,1.0,759
DeAndre Jordan,53,14.5,4.3,1.8,2.8,63.3,0.0,0.0,0.0,0.8,2.1,38.5,1.4,3.1,4.5,0.2,0.2,1.1,0.8,1.0,761
Roy Hibbert,70,14.4,7.1,2.8,6.0,47.1,0.0,0.0,0.0,1.4,2.1,66.7,1.6,1.8,3.5,0.7,0.3,1.1,0.8,1.0,762
D'Angelo Russell,80,28.2,13.2,4.9,12.0,41.0,1.6,4.6,35.1,1.8,2.4,73.7,0.6,2.8,3.4,3.3,1.2,0.2,2.5,0.0,764
Jerryd Bayless,53,12.4,4.3,1.3,3.6,36.5,0.1,0.5,25.9,1.6,1.9,80.6,0.2,0.9,1.1,1.5,0.3,0.0,1.1,1.0,766
Cory Alexander,59,12.1,4.7,1.7,4.2,41.6,0.3,0.8,34.8,1.0,1.4,69.9,0.7,1.2,1.9,0.7,0.3,0.5,0.9,1.0,767
Cory Alexander,60,9.3,2.8,1.1,2.6,40.6,0.4,1.1,39.4,0.3,0.4,64.0,0.2,0.6,0.7,2.0,0.5,0.0,1.1,1.0,768
Kosta Koufos,48,11.8,4.7,2.0,3.9,50.8,0.0,0.0,0.0,0.8,1.1,70.6,1.0,1.8,2.9,0.4,0.3,0.7,0.5,1.0,769
Anthony Tolliver,19,10.9,2.7,1.0,3.4,29.2,0.5,2.2,22.0,0.3,0.5,50.0,0.6,1.5,2.2,0.9,0.3,0.1,0.4,1.0,771
Devin Booker,76,27.7,13.8,4.8,11.4,42.3,1.3,3.8,34.3,2.8,3.4,84.0,0.4,2.1,2.5,2.6,0.6,0.3,2.1,0.0,772
Robin Lopez,60,10.2,3.1,1.2,2.3,51.8,0.0,0.0,0.0,0.8,1.1,69.1,0.9,1.1,2.0,0.1,0.2,0.7,0.5,1.0,773
Darnell Jackson,51,8.4,1.9,0.7,1.7,43.0,0.0,0.0,0.0,0.5,0.7,68.6,0.6,1.1,1.7,0.2,0.2,0.1,0.3,0.0,774
Sean Singletary,37,8.2,2.4,0.8,2.3,36.5,0.3,0.7,40.0,0.5,0.6,85.7,0.3,0.7,0.9,0.8,0.3,0.0,0.6,0.0,775
Jamario Moon,78,27.8,8.5,3.6,7.4,48.5,0.5,1.6,32.8,0.8,1.1,74.1,1.2,5.0,6.2,1.2,1.0,1.4,0.7,1.0,778
Al Thornton,79,27.3,12.7,4.7,11.0,42.9,0.5,1.6,33.1,2.7,3.6,74.3,1.2,3.3,4.5,1.2,0.6,0.5,1.6,0.0,779
Daequan Cook,59,24.4,8.8,3.3,8.7,38.1,1.3,4.0,33.2,0.8,1.0,82.5,0.3,2.7,3.0,1.3,0.4,0.1,1.1,1.0,782
Thaddeus Young,74,21.0,8.2,3.6,6.6,53.9,0.1,0.3,31.6,1.0,1.4,73.8,1.6,2.6,4.2,0.8,1.0,0.1,0.9,1.0,784
Wilson Chandler,35,19.6,7.3,3.0,6.9,43.8,0.3,0.9,30.0,1.0,1.5,63.0,1.1,2.5,3.6,0.9,0.4,0.5,0.8,1.0,786
Myles Turner,60,22.8,10.3,4.4,8.8,49.8,0.1,0.2,21.4,1.5,2.0,72.7,1.1,4.4,5.5,0.7,0.4,1.4,1.1,0.0,790
Acie Law,56,15.4,4.2,1.7,4.2,40.1,0.1,0.6,20.6,0.7,0.9,79.2,0.2,0.8,1.0,2.0,0.5,0.0,1.0,0.0,792
Nick Young,75,15.4,7.5,2.8,6.4,43.9,0.5,1.3,40.0,1.3,1.7,81.5,0.3,1.2,1.5,0.8,0.5,0.1,1.3,1.0,793
Javaris Crittenton,50,13.6,5.6,2.0,4.7,42.1,0.2,0.7,27.0,1.4,2.1,69.2,0.5,1.7,2.2,1.0,0.4,0.0,1.1,0.0,796
Spencer Hawes,71,13.1,4.7,2.1,4.5,45.9,0.1,0.3,19.0,0.5,0.8,65.5,1.0,2.3,3.2,0.6,0.2,0.6,0.8,1.0,797
Arron Afflalo,75,12.9,3.7,1.3,3.2,41.1,0.1,0.6,20.8,0.9,1.2,78.2,0.5,1.3,1.8,0.7,0.4,0.1,0.5,1.0,798
C.J. Watson,32,11.5,3.7,1.3,3.2,42.6,0.3,0.8,34.6,0.7,0.9,79.3,0.4,0.6,1.0,1.1,0.5,0.0,0.6,1.0,800
Julian Wright,57,11.2,3.9,1.6,3.0,53.3,0.2,0.4,41.7,0.6,0.9,63.5,0.6,1.5,2.1,0.7,0.5,0.2,0.6,0.0,801
Chris Richard,52,10.7,1.9,0.8,1.7,47.1,0.0,0.0,0.0,0.3,0.5,59.3,1.0,1.6,2.6,0.3,0.2,0.2,0.5,0.0,802
Aaron Gray,61,10.0,4.3,1.7,3.3,50.5,0.0,0.0,0.0,0.9,1.6,56.6,1.1,1.6,2.8,0.7,0.3,0.3,0.9,1.0,804
Dominic McGuire,70,9.9,1.3,0.6,1.5,37.9,0.0,0.1,16.7,0.2,0.5,43.8,0.8,1.2,2.0,0.6,0.3,0.4,0.6,1.0,805
Mario West,64,4.2,0.9,0.3,0.8,42.9,0.0,0.1,0.0,0.3,0.4,65.4,0.4,0.3,0.8,0.2,0.2,0.1,0.1,0.0,808
Demetris Nichols,14,3.1,1.1,0.4,1.6,26.1,0.2,0.9,23.1,0.0,0.0,0.0,0.0,0.4,0.4,0.1,0.0,0.2,0.3,0.0,809
Willie Cauley-Stein,66,21.4,7.0,2.9,5.1,56.3,0.0,0.0,0.0,1.2,1.9,64.8,2.0,3.3,5.3,0.6,0.7,1.0,0.7,0.0,810
Brandon Roy,57,35.4,16.8,6.1,13.4,45.6,1.0,2.6,37.7,3.5,4.2,83.8,1.0,3.4,4.4,4.0,1.2,0.2,2.0,1.0,811
Adam Morrison,78,29.8,11.8,4.6,12.1,37.6,1.1,3.3,33.7,1.5,2.2,71.0,0.7,2.3,2.9,2.1,0.4,0.1,1.7,0.0,812
Rudy Gay,78,27.0,10.8,4.1,9.7,42.2,0.7,1.8,36.4,1.9,2.7,72.7,1.2,3.3,4.5,1.3,0.9,0.9,1.8,1.0,813
Rajon Rondo,78,23.5,6.4,2.4,5.8,41.8,0.1,0.4,20.7,1.5,2.4,64.7,0.9,2.8,3.7,3.8,1.6,0.1,1.8,1.0,814
Tarence Kinsey,48,20.1,7.7,2.9,6.3,45.7,0.3,1.0,28.3,1.6,2.0,79.6,0.6,1.4,2.0,0.9,1.1,0.0,1.0,0.0,817
Josh Richardson,52,21.3,6.6,2.4,5.2,45.2,1.0,2.2,46.1,0.8,1.2,66.7,0.4,1.7,2.1,1.4,0.7,0.5,0.7,0.0,818
Shelden Williams,81,18.7,5.5,2.0,4.5,45.5,0.0,0.0,50.0,1.4,1.8,76.4,1.6,3.8,5.4,0.5,0.6,0.5,1.2,1.0,820
Paul Millsap,82,18.0,6.8,2.5,4.9,52.5,0.0,0.0,33.3,1.7,2.5,67.3,2.2,2.9,5.2,0.8,0.8,0.9,1.1,1.0,821
Rodney Carney,67,17.4,6.6,2.7,5.9,46.4,0.4,1.1,34.7,0.8,1.3,60.9,0.6,1.3,1.9,0.4,0.6,0.3,0.6,1.0,822
Marcus Williams,79,16.6,6.8,2.6,6.7,39.5,0.6,2.1,28.2,0.9,1.1,84.7,0.4,1.7,2.1,3.3,0.4,0.0,1.8,0.0,823
Daniel Gibson,60,16.5,4.6,1.6,3.9,42.4,0.9,2.1,41.9,0.5,0.7,71.8,0.5,1.1,1.5,1.2,0.4,0.1,0.7,1.0,825
Renaldo Balkman,68,15.6,4.9,2.0,4.0,50.5,0.1,0.4,18.5,0.8,1.3,56.7,1.4,2.9,4.3,0.6,0.8,0.7,0.7,1.0,826
Jordan Farmar,72,15.1,4.4,1.7,4.1,42.2,0.6,1.9,32.8,0.4,0.5,71.1,0.3,1.3,1.7,1.9,0.6,0.1,1.0,1.0,828
Allan Ray,47,15.1,6.2,2.1,5.5,38.6,1.0,2.5,41.4,0.9,1.2,76.4,0.4,1.1,1.5,0.9,0.4,0.1,0.9,0.0,829
Tyrus Thomas,72,13.4,5.2,1.9,3.9,47.5,0.0,0.0,0.0,1.5,2.4,60.6,1.2,2.5,3.7,0.6,0.6,1.1,1.3,1.0,832
Alexander Johnson,59,12.8,4.4,1.5,2.9,53.8,0.0,0.0,0.0,1.3,2.0,66.1,0.8,2.2,3.1,0.3,0.4,0.6,0.8,0.0,833
Shawne Williams,46,12.1,3.9,1.6,3.5,46.9,0.4,1.1,36.5,0.2,0.4,55.0,0.7,1.1,1.8,0.5,0.1,0.2,0.5,1.0,836
Ronnie Brewer,56,12.1,4.6,1.8,3.4,52.8,0.0,0.2,0.0,1.0,1.5,67.5,0.7,0.7,1.3,0.4,0.7,0.1,0.4,1.0,837
David Noel,68,11.6,2.7,1.0,2.6,36.7,0.3,0.8,32.1,0.5,0.6,86.0,0.6,1.2,1.8,1.0,0.4,0.1,0.6,0.0,838
Leon Powe,63,11.4,4.2,1.3,2.8,44.6,0.0,0.0,0.0,1.7,2.3,73.6,1.5,1.9,3.4,0.2,0.2,0.3,0.8,1.0,840
Hilton Armstrong,56,11.3,3.1,1.2,2.2,54.4,0.0,0.0,0.0,0.7,1.2,59.7,1.0,1.6,2.7,0.2,0.2,0.5,0.6,1.0,841
Josh Boone,61,11.0,4.2,1.6,2.8,57.9,0.0,0.0,0.0,0.9,1.7,54.4,1.0,1.8,2.9,0.2,0.2,0.3,0.5,0.0,842
Chris Quinn,42,9.7,3.4,1.1,3.1,36.6,0.5,1.4,35.1,0.6,0.9,67.6,0.1,0.6,0.7,1.5,0.4,0.0,0.5,1.0,844
Anthony Brown,29,20.7,4.0,1.3,4.3,31.0,0.7,2.4,28.6,0.6,0.7,85.0,0.3,2.1,2.4,0.7,0.5,0.2,0.5,0.0,845
Quincy Douby,42,8.5,2.8,1.1,3.0,38.1,0.3,1.2,24.0,0.3,0.4,73.3,0.3,0.6,0.9,0.4,0.4,0.1,0.4,0.0,846
Bobby Jones,44,7.6,2.5,1.0,2.1,46.2,0.0,0.2,11.1,0.5,0.9,56.1,0.5,0.8,1.3,0.4,0.3,0.0,0.4,1.0,848
Steve Novak,35,5.5,1.5,0.5,1.4,36.0,0.4,1.1,33.3,0.1,0.1,100.0,0.1,0.6,0.7,0.2,0.1,0.0,0.1,1.0,851
Raymond Felton,80,30.1,11.9,4.3,11.0,39.1,1.2,3.4,35.8,2.0,2.8,72.5,1.0,2.4,3.3,5.6,1.3,0.1,2.3,1.0,853
Charlie Villanueva,81,29.1,13.0,5.4,11.6,46.3,0.9,2.6,32.7,1.4,2.0,70.6,2.2,4.2,6.4,1.1,0.7,0.8,1.2,1.0,854
Deron Williams,80,28.8,10.8,4.2,10.1,42.1,1.1,2.7,41.6,1.2,1.7,70.4,0.4,2.0,2.4,4.5,0.8,0.2,1.8,1.0,856
Channing Frye,65,24.2,12.3,4.7,9.8,47.7,0.0,0.1,33.3,2.9,3.5,82.5,2.1,3.6,5.8,0.8,0.5,0.7,1.5,1.0,859
Ryan Gomes,61,22.6,7.6,2.8,5.8,48.7,0.0,0.1,33.3,1.8,2.4,75.2,1.7,3.2,4.9,1.0,0.6,0.1,0.9,1.0,861
Nate Robinson,72,21.4,9.3,3.2,7.8,40.7,0.8,2.0,39.7,2.1,2.8,75.2,0.8,1.5,2.3,2.0,0.8,0.0,1.6,1.0,862
Salim Stoudamire,61,20.3,9.7,3.3,8.1,41.5,1.3,3.5,38.0,1.6,1.8,90.0,0.2,1.7,1.9,1.2,0.4,0.1,1.3,0.0,863
T.J. McConnell,81,19.8,6.1,2.7,5.7,47.0,0.4,1.1,34.8,0.3,0.5,63.4,0.5,2.6,3.1,4.5,1.2,0.1,1.7,0.0,865
Martell Webster,61,17.5,6.6,2.3,5.7,39.9,1.1,3.0,35.7,1.0,1.2,85.9,0.5,1.7,2.1,0.6,0.3,0.2,0.7,1.0,868
David Lee,67,16.9,5.1,2.0,3.4,59.6,0.0,0.0,0.0,1.1,1.8,57.7,1.6,2.9,4.5,0.6,0.5,0.3,0.8,1.0,870
David Lee,67,16.9,5.1,2.0,3.4,59.6,0.0,0.0,0.0,1.1,1.8,57.7,1.6,2.9,4.5,0.6,0.5,0.3,0.8,0.0,871
Ike Diogu,69,14.9,7.0,2.5,4.8,52.4,0.0,0.0,0.0,2.0,2.4,81.0,1.4,1.9,3.3,0.4,0.2,0.4,1.1,1.0,874
Gerald Fitch,18,13.3,4.7,1.7,4.9,33.7,0.4,1.4,26.9,0.9,1.3,73.9,0.4,1.3,1.7,1.8,0.4,0.3,0.8,0.0,876
James Singleton,59,12.8,3.4,1.3,2.6,51.0,0.2,0.3,50.0,0.7,0.8,78.0,1.1,2.3,3.3,0.5,0.3,0.4,0.5,1.0,877
Josh Powell,37,11.6,3.0,1.0,2.2,45.7,0.0,0.0,0.0,1.0,1.2,80.0,0.8,1.4,2.2,0.2,0.2,0.1,0.6,1.0,878
Hakim Warrick,68,10.6,4.1,1.5,3.4,44.3,0.0,0.0,0.0,1.1,1.7,66.1,0.6,1.5,2.1,0.4,0.2,0.3,0.8,1.0,879
Wayne Simien,43,9.6,3.4,1.3,2.8,48.3,0.0,0.0,0.0,0.7,0.8,88.2,0.9,1.2,2.0,0.2,0.3,0.0,0.6,0.0,880
Antoine Wright,39,9.5,1.8,0.7,2.1,35.8,0.0,0.4,6.7,0.3,0.6,50.0,0.2,0.6,0.8,0.3,0.1,0.1,0.5,1.0,881
Donell Taylor,51,9.1,2.7,1.0,2.7,39.0,0.1,0.3,23.5,0.6,0.8,69.8,0.3,0.7,1.0,0.9,0.6,0.1,0.7,0.0,882
C.J. Miles,23,8.8,3.4,1.2,3.3,36.8,0.2,0.9,25.0,0.8,1.0,75.0,0.8,0.9,1.7,0.7,0.3,0.1,0.4,1.0,883
Malcolm Brogdon,32,22.9,8.3,3.2,6.9,46.2,0.9,2.1,44.1,0.9,1.1,85.7,0.4,2.1,2.5,3.6,1.0,0.1,1.5,0.0,884
Kevin Burleson,39,8.7,1.8,0.6,2.3,25.0,0.3,1.4,18.5,0.4,0.4,94.1,0.1,0.6,0.7,1.2,0.7,0.1,0.6,0.0,885
Shavlik Randolph,57,8.5,2.3,0.8,1.7,45.4,0.0,0.0,0.0,0.8,1.2,60.6,1.0,1.4,2.3,0.3,0.3,0.2,0.4,1.0,886
Andrew Bynum,46,7.3,1.6,0.7,1.8,40.2,0.0,0.0,0.0,0.2,0.6,29.6,0.7,1.0,1.7,0.2,0.1,0.5,0.4,1.0,887
Emeka Okafor,73,35.6,15.1,6.1,13.7,44.7,0.0,0.0,0.0,2.9,4.7,60.9,3.8,7.1,10.9,0.9,0.8,1.7,1.7,1.0,889
Andre Iguodala,82,32.8,9.0,3.3,6.7,49.3,0.6,1.7,33.1,1.9,2.6,74.3,1.1,4.6,5.7,3.0,1.7,0.6,1.7,1.0,890
Josh Childress,80,29.7,10.1,3.8,8.0,47.0,0.2,0.7,23.2,2.4,2.9,82.3,2.4,3.6,6.0,1.9,0.9,0.4,1.3,1.0,892
Josh Smith,74,27.7,9.7,3.7,8.1,45.5,0.1,0.3,17.4,2.2,3.2,68.8,2.0,4.2,6.2,1.7,0.8,1.9,1.8,1.0,893
Chris Duhon,82,26.5,5.9,2.1,6.0,35.2,1.1,3.2,35.5,0.6,0.8,73.1,0.3,2.3,2.6,4.9,1.0,0.0,1.4,1.0,894
Quinton Ross,78,21.3,5.1,2.1,4.8,43.2,0.0,0.1,25.0,0.9,1.4,67.3,0.8,1.9,2.7,1.4,0.7,0.3,0.7,1.0,896
Jameer Nelson,79,20.4,8.7,3.6,7.9,45.5,0.6,1.8,31.2,0.9,1.4,68.2,0.7,1.8,2.4,3.0,1.0,0.0,1.5,1.0,897
Bobby Portis,62,17.8,7.0,3.0,7.0,42.7,0.3,0.8,30.8,0.8,1.1,72.7,2.0,3.5,5.4,0.8,0.4,0.3,0.9,0.0,898
Sebastian Telfair,68,19.6,6.8,2.5,6.3,39.3,0.3,1.0,24.6,1.5,2.0,78.9,0.1,1.4,1.5,3.3,0.5,0.1,1.8,1.0,899
Matt Freije,23,19.2,4.0,1.6,5.5,29.1,0.6,2.3,25.9,0.2,0.3,62.5,0.7,2.0,2.7,0.9,0.6,0.1,0.7,0.0,900
Matt Bonner,82,18.9,7.2,3.0,5.6,53.3,0.5,1.1,42.4,0.7,0.9,78.9,1.3,2.2,3.5,0.6,0.5,0.2,0.5,1.0,901
David Harrison,43,17.7,6.1,2.5,4.3,57.6,0.0,0.0,0.0,1.2,2.1,57.1,1.1,2.0,3.1,0.3,0.4,1.3,1.2,0.0,902
Trevor Ariza,80,17.3,5.9,2.2,4.9,44.2,0.0,0.2,23.1,1.5,2.2,69.5,1.1,1.9,3.0,1.1,0.9,0.2,0.9,1.0,903
Tony Allen,77,16.4,6.4,2.4,5.0,47.5,0.2,0.4,38.7,1.5,2.0,73.7,1.1,1.8,2.9,0.8,1.0,0.3,1.0,1.0,905
Jackson Vroman,46,15.3,4.6,1.8,4.3,41.2,0.0,0.1,0.0,1.0,1.6,64.0,1.4,2.4,3.8,0.9,0.5,0.4,1.4,0.0,907
Al Jefferson,71,14.8,6.7,2.7,5.2,52.8,0.0,0.0,0.0,1.2,1.9,63.0,1.7,2.7,4.4,0.3,0.3,0.8,0.9,1.0,908
Billy Thomas,25,14.2,3.7,1.4,3.8,36.2,0.7,2.2,30.4,0.3,0.4,77.8,0.3,1.2,1.4,0.7,0.6,0.0,0.4,0.0,909
Kirk Snyder,68,13.3,5.0,1.8,4.8,37.2,0.4,1.3,35.3,0.9,1.4,66.7,0.7,1.0,1.8,0.5,0.4,0.3,0.8,0.0,910
Kris Humphries,67,13.0,4.1,1.7,4.3,40.4,0.0,0.1,33.3,0.7,1.5,43.6,1.1,1.9,2.9,0.6,0.4,0.3,0.8,1.0,912
Delonte West,39,13.0,4.5,1.7,4.0,42.6,0.6,1.7,35.8,0.5,0.7,70.4,0.4,1.3,1.7,1.4,0.5,0.2,0.6,1.0,913
Andre Barrett,38,12.7,3.1,1.2,3.3,36.3,0.4,1.4,26.9,0.4,0.5,73.7,0.3,0.8,1.1,1.8,0.5,0.0,0.7,0.0,914
Lionel Chalmers,36,12.0,3.1,1.2,3.5,33.6,0.3,1.4,24.5,0.4,0.7,62.5,0.1,0.8,0.9,1.4,0.4,0.0,0.7,0.0,915
Jerian Grant,76,16.6,5.6,2.0,5.1,39.4,0.3,1.3,22.0,1.3,1.6,78.0,0.3,1.6,1.9,2.3,0.7,0.1,1.1,0.0,916
Kevin Martin,45,10.1,2.9,1.0,2.6,38.5,0.1,0.6,20.0,0.8,1.2,65.5,0.6,0.6,1.3,0.5,0.4,0.1,0.5,1.0,919
Carmelo Anthony,82,36.5,21.0,7.6,17.9,42.6,0.8,2.6,32.2,5.0,6.4,77.7,2.2,3.8,6.1,2.8,1.2,0.5,3.0,1.0,921
Kirk Hinrich,76,35.6,12.0,4.2,10.8,38.6,1.9,4.9,39.0,1.8,2.2,80.4,0.6,2.9,3.4,6.8,1.3,0.3,2.7,1.0,922
Chris Bosh,75,33.5,11.5,4.4,9.5,45.9,0.1,0.2,35.7,2.7,3.8,70.1,2.5,4.9,7.4,1.0,0.8,1.4,1.4,1.0,924
Jarvis Hayes,70,29.2,9.6,4.0,9.9,40.0,0.6,1.9,30.5,1.1,1.4,78.6,1.0,2.8,3.8,1.5,1.0,0.2,1.6,1.0,925
T.J. Ford,55,26.8,7.1,2.8,7.2,38.4,0.1,0.4,23.8,1.5,1.8,81.6,0.7,2.5,3.2,6.5,1.1,0.1,2.5,1.0,926
Keith Bogans,73,24.5,6.8,2.5,6.2,40.3,0.9,2.6,35.8,0.9,1.4,63.1,1.5,2.9,4.3,1.3,0.6,0.1,1.0,1.0,927
Udonis Haslem,75,23.9,7.3,2.7,6.0,45.9,0.0,0.0,0.0,1.9,2.4,76.5,2.5,3.8,6.3,0.7,0.4,0.3,1.0,1.0,928
Josh Howard,67,23.7,8.6,3.4,7.9,43.0,0.3,1.0,30.3,1.4,2.1,70.3,2.2,3.3,5.5,1.4,1.0,0.8,1.0,1.0,929
Chris Kaman,82,22.5,6.1,2.4,5.3,46.0,0.0,0.0,0.0,1.2,1.7,69.7,1.5,4.1,5.6,1.0,0.3,0.9,1.9,1.0,930
Steve Blake,75,18.6,5.9,2.1,5.4,38.6,1.0,2.7,37.1,0.7,0.9,82.1,0.2,1.3,1.6,2.8,0.8,0.1,1.7,1.0,934
Marquis Daniels,56,18.6,8.5,3.6,7.3,49.4,0.2,0.6,30.6,1.1,1.4,76.9,1.2,1.4,2.6,2.1,0.9,0.2,0.8,1.0,935
Linton Johnson,41,17.9,4.2,1.8,5.0,35.5,0.2,0.8,21.2,0.5,0.9,59.5,1.4,3.0,4.5,0.7,0.9,0.8,0.9,1.0,936
Marcus Banks,81,17.1,5.9,2.2,5.5,40.0,0.3,1.1,31.4,1.2,1.6,75.6,0.4,1.3,1.6,2.2,1.1,0.2,1.5,1.0,937
Luke Ridnour,69,16.1,5.5,2.1,5.1,41.4,0.4,1.2,33.8,0.9,1.1,82.3,0.5,1.1,1.6,2.4,0.8,0.1,1.2,1.0,938
Willie Green,53,14.5,6.9,2.7,6.7,40.1,0.4,1.2,31.1,1.1,1.5,72.8,0.3,0.9,1.2,1.0,0.5,0.1,1.1,1.0,939
Chris McCullough,24,15.1,4.7,1.8,4.5,40.4,0.5,1.4,38.2,0.5,1.0,47.8,1.0,1.8,2.8,0.4,1.2,0.5,0.6,0.0,940
Mo Williams,57,13.5,5.0,2.0,5.3,38.0,0.2,0.7,25.6,0.8,1.0,78.6,0.4,0.9,1.3,1.3,0.5,0.0,0.9,1.0,941
David West,71,13.1,3.8,1.5,3.2,47.4,0.0,0.0,0.0,0.8,1.1,71.3,1.6,2.5,4.2,0.8,0.4,0.4,0.7,1.0,942
Brian Cook,35,12.6,4.4,1.9,4.0,47.5,0.0,0.1,0.0,0.6,0.8,75.0,0.9,2.0,2.9,0.6,0.5,0.5,0.5,1.0,943
Kyle Korver,74,11.9,4.5,1.6,4.4,35.2,1.1,2.8,39.1,0.3,0.3,79.2,0.4,1.1,1.5,0.5,0.3,0.1,0.6,1.0,945
Norman Powell,49,14.8,5.6,2.0,4.7,42.4,0.7,1.8,40.4,0.9,1.1,81.1,0.3,1.9,2.3,1.0,0.6,0.2,0.7,0.0,946
Jason Kapono,41,10.4,3.5,1.3,3.1,40.3,0.5,1.1,47.7,0.5,0.6,83.3,0.5,0.9,1.3,0.3,0.3,0.1,0.5,1.0,948
Luke Walton,72,10.1,2.4,0.9,2.1,42.5,0.2,0.5,33.3,0.4,0.6,70.5,0.5,1.2,1.8,1.6,0.4,0.1,0.6,1.0,949
Reece Gaines,38,9.6,1.8,0.7,2.3,29.1,0.1,0.3,30.0,0.4,0.7,64.0,0.2,0.8,1.0,1.1,0.3,0.1,0.5,0.0,950
Richie Frahm,54,8.7,3.4,1.2,2.6,45.3,0.6,1.7,37.0,0.4,0.5,88.5,0.2,0.8,1.0,0.4,0.3,0.1,0.1,0.0,951
Jay Williams,75,26.1,9.5,3.6,9.1,39.9,0.9,2.7,32.2,1.4,2.1,64.0,0.4,2.2,2.6,4.7,1.1,0.2,2.3,0.0,958
Carlos Rogers,81,25.3,10.0,4.1,7.6,53.6,0.0,0.0,0.0,1.8,2.4,77.1,2.5,5.0,7.5,1.3,0.7,0.6,1.3,1.0,959
Carlos Rogers,49,20.8,8.9,3.7,6.9,52.9,0.0,0.3,14.3,1.6,3.0,52.1,2.2,3.5,5.7,0.8,0.5,1.1,1.7,1.0,960
Junior Harrington,82,24.4,5.1,2.1,5.7,36.2,0.1,0.3,25.0,0.9,1.4,65.2,0.5,2.5,3.0,3.4,1.0,0.2,1.9,0.0,961
J.R. Bremer,64,23.5,8.3,2.7,7.3,36.9,1.6,4.5,35.3,1.3,1.7,76.6,0.3,2.0,2.3,2.6,0.6,0.1,0.9,0.0,962
Dorian Finney-Smith,33,22.8,5.2,1.9,4.6,40.5,0.9,2.8,32.3,0.6,0.8,76.0,0.7,2.2,2.8,1.0,0.6,0.3,0.7,0.0,963
Rashad Vaughn,70,14.3,3.1,1.2,3.8,30.5,0.6,2.1,29.3,0.2,0.2,80.0,0.2,1.1,1.3,0.6,0.4,0.2,0.4,0.0,964
Vincent Yarbrough,59,23.4,6.9,2.8,7.3,39.3,0.4,1.3,26.9,0.8,1.1,79.0,0.6,2.1,2.7,2.2,1.0,0.6,1.4,0.0,965
Rasual Butler,72,21.0,7.5,2.9,7.9,36.2,0.7,2.4,29.2,1.1,1.4,73.1,0.4,2.2,2.6,1.3,0.3,0.6,1.1,1.0,966
Reggie Evans,67,20.4,3.2,1.0,2.1,47.1,0.0,0.0,0.0,1.2,2.3,51.9,2.5,4.1,6.6,0.5,0.6,0.2,0.8,1.0,967
Mike Batiste,75,16.6,6.4,2.6,6.2,42.2,0.2,1.1,22.2,0.9,1.2,78.4,1.1,2.3,3.4,0.7,0.6,0.2,0.9,0.0,969
Mike Dunleavy,82,15.9,5.7,2.0,5.1,40.3,0.6,1.8,34.7,1.0,1.2,78.0,0.8,1.8,2.6,1.3,0.7,0.2,1.1,1.0,970
Mike Dunleavy,82,15.9,5.7,2.0,5.1,40.3,0.6,1.8,34.7,1.0,1.2,78.0,0.8,1.8,2.6,1.3,0.7,0.2,1.1,1.0,971
Jarell Martin,27,14.1,5.7,2.0,4.3,46.6,0.0,0.1,0.0,1.7,2.3,72.6,1.4,1.7,3.2,0.6,0.3,0.3,0.7,0.0,972
Juan Dixon,42,15.4,6.4,2.5,6.5,38.4,0.6,2.0,29.8,0.9,1.1,80.4,0.3,1.4,1.7,1.0,0.6,0.1,1.0,1.0,974
Melvin Ely,52,15.4,4.5,1.8,3.6,49.5,0.0,0.0,0.0,1.0,1.4,70.3,1.2,2.1,3.3,0.3,0.2,0.6,1.0,1.0,975
Mike Wilks,46,15.0,3.2,1.1,3.2,33.8,0.2,0.8,28.6,0.8,1.0,78.7,0.4,1.1,1.5,2.0,0.6,0.1,0.6,1.0,976
Sean Lampley,35,13.9,4.8,1.6,3.7,43.4,0.0,0.1,0.0,1.6,2.3,69.5,0.7,1.6,2.4,0.9,0.2,0.1,0.7,0.0,977
Chris Jefferies,51,13.1,3.9,1.5,3.8,38.7,0.4,1.1,33.3,0.6,0.8,67.4,0.3,0.8,1.2,0.4,0.4,0.3,0.9,0.0,978
Lonny Baxter,55,12.4,4.8,1.7,3.7,46.6,0.0,0.0,0.0,1.3,1.9,68.0,1.2,1.8,3.0,0.3,0.2,0.4,0.8,0.0,979
Juaquin Hawkins,58,11.8,2.3,1.0,2.6,38.5,0.2,0.4,41.7,0.2,0.3,50.0,0.3,1.1,1.3,0.8,0.5,0.1,0.5,0.0,980
Kareem Rush,76,11.5,3.0,1.3,3.2,39.3,0.3,0.9,27.9,0.2,0.3,69.6,0.3,0.9,1.2,0.9,0.1,0.1,0.8,1.0,982
Marcus Haislip,39,11.3,4.1,1.7,3.9,43.1,0.1,0.3,25.0,0.7,1.0,68.4,0.5,0.8,1.4,0.2,0.2,0.5,0.5,0.0,983
Chris Wilcox,46,10.4,3.7,1.6,3.0,52.1,0.0,0.0,0.0,0.5,1.1,50.0,0.7,1.6,2.3,0.5,0.1,0.3,0.6,1.0,984
Dan Dickau,50,10.3,3.7,1.4,3.4,41.2,0.4,1.2,36.1,0.4,0.5,80.8,0.2,0.7,0.9,1.7,0.3,0.0,1.1,1.0,985
Tayshaun Prince,42,10.4,3.3,1.3,2.8,44.9,0.5,1.1,42.6,0.3,0.4,64.7,0.1,1.0,1.1,0.6,0.2,0.3,0.5,1.0,986
Ryan Humphrey,48,9.3,1.9,0.7,2.5,29.2,0.0,0.0,0.0,0.5,0.8,59.0,0.7,1.4,2.1,0.2,0.2,0.4,0.5,0.0,987
John Salmons,64,7.9,2.1,0.8,1.8,41.4,0.2,0.5,32.3,0.4,0.5,74.3,0.3,0.7,0.9,0.7,0.3,0.1,0.5,1.0,988
Tamar Slay,36,7.6,2.6,1.1,2.9,37.9,0.2,0.7,28.0,0.2,0.3,70.0,0.2,0.6,0.9,0.4,0.4,0.1,0.6,0.0,989
Qyntel Woods,53,6.3,2.4,1.1,2.2,50.0,0.1,0.2,33.3,0.1,0.4,35.0,0.3,0.7,1.0,0.2,0.3,0.0,0.4,0.0,990
Cameron Payne,57,12.2,5.0,2.0,4.9,41.0,0.6,1.9,32.4,0.3,0.4,79.2,0.2,1.3,1.5,1.9,0.6,0.1,0.8,0.0,991
Adam Harrington,19,5.8,1.6,0.6,1.9,29.7,0.3,0.7,35.7,0.2,0.2,75.0,0.1,0.4,0.4,0.6,0.1,0.1,0.1,0.0,992
Jamaal Tinsley,80,30.5,9.4,3.6,9.5,38.0,0.5,2.2,24.0,1.6,2.3,70.4,1.0,2.8,3.7,8.1,1.7,0.5,3.4,1.0,995
Sonny Parker,77,29.4,9.2,3.5,8.3,41.9,0.8,2.5,32.3,1.4,2.1,67.5,0.4,2.1,2.6,4.3,1.2,0.1,2.0,1.0,996
Trenton Hassell,78,28.7,8.7,3.4,8.1,42.5,0.8,2.1,36.4,1.1,1.5,76.3,0.8,2.4,3.3,2.2,0.7,0.6,1.3,1.0,997
Justin Anderson,55,11.8,3.8,1.3,3.2,40.6,0.4,1.5,26.5,0.8,1.0,80.0,0.3,2.1,2.4,0.5,0.3,0.5,0.4,0.0,998
Gilbert Arenas,47,24.6,10.9,3.7,8.2,45.3,0.8,2.4,34.5,2.6,3.4,77.5,0.9,1.9,2.8,3.7,1.5,0.2,2.1,1.0,1001
Richard Jefferson,79,24.3,9.4,3.4,7.5,45.7,0.2,0.7,23.2,2.4,3.4,71.3,1.1,2.6,3.7,1.8,0.8,0.6,1.4,1.0,1002
Speedy Claxton,67,22.8,7.2,2.7,6.7,40.0,0.1,0.5,12.1,1.7,2.0,83.8,0.7,1.7,2.4,3.0,1.4,0.1,1.4,1.0,1003
Jarron Collins,70,20.6,6.4,2.3,4.9,46.1,0.0,0.0,0.0,1.9,2.6,74.0,2.0,2.3,4.2,0.8,0.4,0.3,0.8,1.0,1004
Brendan Haywood,62,20.4,5.1,1.8,3.6,49.3,0.0,0.0,0.0,1.6,2.6,60.6,2.3,2.9,5.2,0.5,0.3,1.5,0.8,1.0,1005
Tyson Chandler,71,19.6,6.1,2.1,4.3,49.7,0.0,0.0,0.0,1.9,3.1,60.4,1.6,3.2,4.8,0.8,0.4,1.3,1.4,1.0,1006
Jason Collins,77,18.3,4.5,1.5,3.6,42.1,0.0,0.0,50.0,1.5,2.1,70.1,1.7,2.2,3.9,1.1,0.4,0.6,0.9,1.0,1007
Troy Murphy,82,17.7,5.9,2.2,5.2,42.1,0.0,0.1,33.3,1.5,1.9,77.6,1.2,2.7,3.9,0.9,0.4,0.3,1.0,1.0,1008
Terence Morris,68,16.3,3.8,1.6,4.3,38.4,0.2,1.1,19.2,0.3,0.4,64.3,1.1,2.0,3.1,0.9,0.3,0.4,0.7,0.0,1009
Eddy Curry,72,16.0,6.7,2.6,5.2,50.1,0.0,0.0,0.0,1.5,2.2,65.6,1.5,2.2,3.8,0.3,0.2,0.7,1.0,1.0,1010
Kwame Brown,57,14.3,4.5,1.6,4.3,38.7,0.0,0.0,0.0,1.2,1.7,70.7,1.1,2.4,3.5,0.8,0.3,0.5,0.8,1.0,1013
Will Solomon,62,14.1,5.2,1.8,5.3,34.1,0.7,2.6,28.4,0.8,1.2,67.1,0.2,0.9,1.1,1.5,0.6,0.1,1.0,0.0,1014
Lamar Patterson,35,11.3,2.4,0.8,2.3,35.0,0.3,1.4,24.5,0.5,0.6,72.7,0.1,1.3,1.4,1.1,0.3,0.1,0.7,0.0,1015
Etan Thomas,47,13.1,4.3,1.7,3.2,53.6,0.0,0.0,0.0,0.9,1.6,55.4,1.2,2.7,3.9,0.1,0.4,0.7,0.6,1.0,1016
Tierre Brown,40,10.1,3.1,1.2,2.9,42.6,0.1,0.3,33.3,0.5,0.7,75.0,0.3,0.8,1.1,1.8,0.5,0.1,1.0,0.0,1017
Steven Hunter,53,9.7,3.6,1.3,2.8,45.6,0.0,0.0,0.0,1.0,1.8,58.5,0.8,1.1,1.8,0.1,0.1,0.8,0.3,1.0,1018
Alton Ford,53,8.5,3.1,1.2,2.2,51.7,0.0,0.0,0.0,0.8,1.1,73.7,0.6,1.4,2.0,0.1,0.1,0.1,0.6,0.0,1020
Gerald Wallace,54,8.0,3.2,1.4,3.2,42.9,0.0,0.1,0.0,0.4,0.9,50.0,0.9,0.7,1.6,0.5,0.3,0.1,0.4,1.0,1021
Brandon Armstrong,35,5.6,1.8,0.8,2.4,31.8,0.1,0.5,29.4,0.1,0.3,50.0,0.3,0.2,0.5,0.2,0.2,0.0,0.2,0.0,1024
Willie Reed,39,10.9,4.7,1.9,3.4,57.1,0.0,0.0,0.0,0.8,1.4,54.5,1.3,1.9,3.1,0.3,0.1,0.8,0.4,0.0,1025
Marcus Fizer,72,21.9,9.5,3.9,9.0,43.0,0.1,0.5,25.6,1.6,2.2,72.7,1.1,3.3,4.3,1.1,0.4,0.3,1.7,1.0,1032
Courtney Alexander,65,21.3,9.5,3.7,8.8,41.7,0.3,0.7,37.0,1.9,2.3,82.0,0.6,1.6,2.2,1.0,0.7,0.1,1.1,0.0,1034
Chris Mihm,59,19.8,7.6,2.9,6.6,44.2,0.0,0.0,0.0,1.7,2.1,79.4,1.8,2.9,4.7,0.3,0.3,0.9,1.4,1.0,1035
Kelly Oubre,63,10.7,3.7,1.4,3.3,42.7,0.4,1.3,31.6,0.5,0.8,63.3,0.4,1.7,2.1,0.2,0.3,0.1,0.5,0.0,1036
Khalid El-Amin,50,18.7,6.3,2.3,6.2,37.0,0.6,1.7,33.3,1.1,1.4,77.8,0.4,1.2,1.6,2.9,1.0,0.0,1.1,0.0,1038
Quentin Richardson,76,17.9,8.1,3.1,6.9,44.2,0.7,2.0,33.1,1.3,2.1,62.7,1.4,2.0,3.4,0.8,0.6,0.1,0.8,1.0,1039
Jamal Crawford,61,17.2,4.6,1.8,5.0,35.2,0.7,1.9,35.0,0.4,0.6,79.4,0.1,1.3,1.5,2.3,0.7,0.2,1.4,1.0,1041
DerMarr Johnson,78,16.8,5.1,1.9,5.0,37.4,0.5,1.6,32.3,0.8,1.1,73.6,0.7,1.6,2.3,0.8,0.6,0.4,1.2,1.0,1042
Stromile Swift,80,16.4,4.9,1.9,4.2,45.1,0.0,0.1,0.0,1.1,1.8,60.3,1.4,2.2,3.6,0.4,0.8,1.0,0.8,1.0,1043
Mateen Cleaves,78,16.3,5.4,2.1,5.1,40.0,0.1,0.2,29.4,1.2,1.8,70.8,0.3,1.4,1.7,2.7,0.6,0.0,1.8,1.0,1045
Mike Penberthy,53,16.1,5.0,1.7,4.2,41.4,1.0,2.6,39.6,0.5,0.6,90.3,0.2,1.0,1.2,1.3,0.4,0.0,0.6,0.0,1046
Lee Nailon,42,11.2,3.9,1.6,3.2,48.5,0.0,0.0,0.0,0.8,1.0,74.4,0.7,1.5,2.2,0.6,0.2,0.1,0.6,1.0,1047
Eddie House,50,11.0,5.0,2.1,4.9,42.1,0.4,1.1,34.5,0.5,0.7,68.6,0.1,0.7,0.8,1.0,0.3,0.0,0.7,1.0,1048
Paul McPherson,55,10.8,4.8,2.0,3.9,50.5,0.0,0.2,16.7,0.8,1.1,72.4,0.7,0.7,1.4,0.7,0.5,0.1,0.8,0.0,1049
Daniel Santiago,54,10.8,3.1,1.2,2.5,47.8,0.0,0.0,0.0,0.8,1.1,68.9,0.6,1.2,1.9,0.2,0.3,0.4,0.9,0.0,1050
Darrun Hilliard,38,10.1,4.0,1.4,3.4,39.7,0.5,1.3,38.0,0.8,1.1,72.5,0.1,1.1,1.2,0.7,0.2,0.0,0.5,0.0,1052
Mark Madsen,70,9.2,2.0,0.8,1.6,48.7,0.0,0.0,100.0,0.4,0.5,70.3,1.1,1.1,2.2,0.3,0.1,0.1,0.4,1.0,1053
DeShawn Stevenson,40,7.3,2.2,0.8,2.3,34.1,0.0,0.3,8.3,0.7,1.0,68.4,0.2,0.5,0.7,0.5,0.3,0.1,0.7,1.0,1054
Elton Brand,81,37.0,20.1,7.8,16.1,48.2,0.0,0.0,0.0,4.5,6.6,68.5,4.3,5.7,10.0,1.9,0.8,1.6,2.8,1.0,1055
Lamar Odom,76,36.4,16.6,5.9,13.5,43.8,0.8,2.2,36.0,4.0,5.5,71.9,2.1,5.7,7.8,4.2,1.2,1.3,3.4,1.0,1056
Adrian Griffin,72,26.8,6.7,2.4,5.7,42.4,0.2,0.8,28.1,1.7,2.2,75.3,1.8,3.4,5.2,2.5,1.6,0.2,1.3,1.0,1060
James Posey,81,25.3,8.2,2.8,6.6,42.9,1.0,2.7,37.3,1.5,1.9,80.0,1.0,2.9,3.9,1.8,1.2,0.4,1.2,1.0,1062
Kenny Thomas,72,25.0,8.3,2.9,7.4,39.9,0.4,1.7,26.2,1.9,2.9,66.0,2.0,4.0,6.1,1.6,0.8,0.3,1.6,1.0,1063
Shawn Marion,51,24.7,10.2,4.4,9.2,47.1,0.1,0.4,18.2,1.4,1.7,84.7,2.1,4.5,6.5,1.4,0.8,1.0,1.0,1.0,1064
Vonteego Cummings,75,23.9,9.4,3.5,8.7,40.5,0.7,2.0,32.5,1.7,2.3,75.1,0.8,1.7,2.5,3.3,1.2,0.2,1.8,0.0,1065
Anthony Carter,79,23.5,6.3,2.5,6.4,39.5,0.0,0.3,13.0,1.2,1.6,75.0,0.6,1.9,2.5,4.8,1.2,0.1,2.2,1.0,1066
Chucky Atkins,82,19.8,9.5,3.8,9.0,42.4,0.7,2.0,35.0,1.2,1.6,72.9,0.2,1.3,1.5,3.7,0.6,0.0,1.7,1.0,1068
Richard Hamilton,71,19.3,9.0,3.6,8.5,42.0,0.4,1.1,36.4,1.5,1.9,77.4,0.5,1.3,1.8,1.5,0.4,0.1,1.2,1.0,1069
Greg Buckner,48,19.2,5.7,2.3,4.9,47.6,0.2,0.5,38.5,0.9,1.3,68.3,1.2,2.5,3.6,1.1,0.8,0.4,0.8,1.0,1070
Langston Galloway,45,32.4,11.8,4.5,11.4,39.9,1.4,3.9,35.2,1.4,1.7,80.8,0.8,3.4,4.2,3.3,1.2,0.3,1.4,0.0,1071
Baron Davis,82,18.6,5.9,2.2,5.3,42.0,0.3,1.4,22.5,1.2,1.9,63.4,0.6,1.4,2.0,3.8,1.2,0.2,1.7,1.0,1072
Corey Maggette,77,17.8,8.4,2.9,6.1,47.8,0.0,0.1,18.2,2.5,3.4,75.1,1.6,2.3,3.9,0.8,0.3,0.3,1.8,1.0,1073
Eddie Robinson,67,16.6,7.0,3.2,5.8,54.9,0.0,0.1,0.0,0.7,1.0,73.4,0.8,1.9,2.7,0.5,0.7,0.4,0.6,1.0,1074
Michael Ruffin,71,13.7,2.2,0.8,1.9,42.0,0.0,0.0,0.0,0.6,1.2,48.9,1.6,1.9,3.5,0.6,0.4,0.4,0.8,1.0,1075
Quincy Lewis,74,12.1,3.8,1.5,4.0,37.2,0.3,0.9,36.5,0.5,0.7,73.1,0.6,0.9,1.5,0.5,0.3,0.2,0.6,0.0,1077
Ryan Bowen,52,11.3,2.5,0.9,2.3,39.3,0.0,0.2,11.1,0.7,1.0,71.7,1.4,0.8,2.2,0.4,0.8,0.3,0.3,1.0,1078
Cal Bowdler,46,9.2,2.7,1.1,2.5,42.6,0.0,0.0,0.0,0.5,0.8,63.2,0.5,1.4,1.8,0.3,0.3,0.2,0.5,0.0,1079
Scott Padgett,47,9.2,2.6,0.9,3.0,31.4,0.3,0.9,29.5,0.4,0.6,70.4,0.5,1.4,1.9,0.5,0.3,0.2,0.5,1.0,1080
Nerlens Noel,75,30.8,9.9,4.0,8.7,46.2,0.0,0.0,0.0,1.9,3.1,60.9,2.5,5.7,8.1,1.7,1.8,1.9,1.9,0.0,1081
Roy Rogers,40,8.9,2.2,0.9,2.2,39.8,0.0,0.0,0.0,0.5,1.0,46.3,0.8,1.2,2.0,0.2,0.1,0.9,0.3,0.0,1082
William Avery,59,8.2,2.6,0.9,3.1,30.9,0.3,1.1,28.6,0.4,0.6,66.7,0.1,0.5,0.7,1.5,0.2,0.0,0.7,0.0,1083
Milt Palacio,53,7.4,2.0,0.8,1.8,43.9,0.0,0.0,0.0,0.4,0.7,59.5,0.3,0.6,1.0,0.9,0.4,0.0,0.8,1.0,1084
Devean George,49,7.0,3.2,1.1,2.9,38.9,0.3,1.0,34.0,0.6,0.8,65.9,0.6,0.9,1.5,0.2,0.2,0.1,0.4,1.0,1085
Lari Ketner,22,6.0,1.5,0.6,1.5,40.6,0.0,0.0,0.0,0.4,0.5,66.7,0.5,1.0,1.5,0.0,0.2,0.1,0.5,0.0,1086
Jason Williams,50,36.1,12.8,4.6,12.3,37.4,2.0,6.5,31.0,1.6,2.1,75.2,0.3,2.8,3.1,6.0,1.9,0.0,2.9,1.0,1087
Vince Carter,50,35.2,18.3,6.9,15.3,45.0,0.4,1.3,28.8,4.1,5.4,76.1,1.9,3.8,5.7,3.0,1.1,1.5,2.2,1.0,1088
Elfrid Payton,82,30.4,8.9,3.7,8.6,42.5,0.1,0.5,26.2,1.4,2.6,55.1,1.3,3.0,4.3,6.5,1.7,0.2,2.5,0.0,1091
Michael Dickerson,50,31.2,10.9,4.3,9.2,46.5,1.4,3.3,43.3,0.9,1.4,63.9,0.5,1.1,1.7,1.9,0.5,0.2,1.3,1.0,1092
Jamie Feick,28,30.4,6.3,2.4,4.8,50.0,0.0,0.0,0.0,1.5,2.1,71.7,4.0,6.3,10.3,0.9,0.9,0.6,1.2,1.0,1093
Jamie Feick,41,15.2,3.7,1.4,3.8,35.7,0.1,0.3,35.7,0.8,1.6,50.7,2.0,3.2,5.2,0.6,0.4,0.3,0.8,1.0,1094
Cuttino Mobley,49,29.7,9.9,3.5,8.3,42.5,1.1,3.0,35.8,1.8,2.2,81.8,0.4,1.8,2.3,2.5,0.9,0.5,1.6,1.0,1095
Antawn Jamison,47,22.5,9.6,3.8,8.4,45.2,0.1,0.2,30.0,1.9,3.3,58.8,2.8,3.6,6.4,0.7,0.8,0.3,1.4,1.0,1097
Robert Traylor,49,16.0,5.3,2.2,4.1,53.7,0.0,0.0,0.0,0.9,1.6,53.8,1.6,2.1,3.7,0.8,0.9,0.9,0.9,1.0,1101
Cory Carr,42,14.9,4.1,1.7,5.1,32.9,0.1,0.7,16.7,0.6,0.8,75.0,0.2,1.0,1.2,1.6,0.5,0.2,1.1,0.0,1103
Keon Clark,28,14.6,3.3,1.3,2.9,45.0,0.0,0.0,0.0,0.8,1.3,56.8,1.3,2.1,3.4,0.4,0.4,1.1,0.8,1.0,1104
Damon Jones,24,14.3,5.2,1.8,5.0,36.1,1.0,2.6,40.3,0.6,0.7,82.4,0.3,1.6,1.8,1.8,0.5,0.0,0.7,1.0,1105
Pat Garrity,39,13.8,5.6,2.2,4.4,50.0,0.2,0.5,38.9,1.0,1.4,71.4,0.7,1.3,1.9,0.5,0.2,0.1,0.5,1.0,1106
Marcus Smart,67,27.0,7.8,2.6,7.1,36.7,1.4,4.1,33.5,1.2,1.9,64.6,0.9,2.4,3.3,3.1,1.5,0.3,1.3,0.0,1107
Bryce Drew,34,13.0,3.5,1.4,3.8,36.4,0.5,1.4,32.7,0.2,0.2,100.0,0.1,0.9,0.9,1.5,0.3,0.1,0.9,1.0,1108
Jelani McCoy,26,12.7,5.1,2.2,2.9,73.7,0.0,0.0,0.0,0.8,1.6,50.0,1.0,2.0,3.0,0.2,0.4,0.8,0.4,1.0,1109
Brad Miller,38,12.3,6.3,2.1,3.6,56.5,0.0,0.1,50.0,2.1,2.7,79.4,0.9,2.2,3.1,0.6,0.2,0.5,0.8,1.0,1110
Ricky Davis,46,12.1,4.5,1.8,4.3,40.5,0.0,0.3,16.7,1.0,1.3,76.3,0.9,1.0,1.8,1.3,0.7,0.1,1.2,1.0,1111
J.R. Henderson,30,11.0,3.2,1.2,3.2,36.5,0.1,0.2,40.0,0.8,1.5,55.6,0.7,0.9,1.6,0.7,0.3,0.1,0.6,0.0,1112
Corey Benjamin,31,10.3,3.8,1.4,3.8,37.6,0.1,0.5,21.4,0.9,1.3,67.5,0.5,0.8,1.3,0.3,0.3,0.3,0.7,0.0,1113
Roshown McLeod,34,10.2,4.8,1.8,4.8,38.0,0.0,0.3,10.0,1.1,1.3,82.2,0.4,1.1,1.5,0.4,0.1,0.0,0.7,0.0,1114
Earl Boykins,22,10.0,3.0,1.4,3.6,38.0,0.1,0.8,16.7,0.1,0.1,66.7,0.3,0.5,0.8,1.5,0.3,0.0,0.9,1.0,1115
Toby Bailey,27,9.2,2.9,1.3,3.2,39.5,0.0,0.2,20.0,0.3,0.5,69.2,0.9,1.1,2.0,0.5,0.3,0.1,0.4,0.0,1116
Marlon Garnett,24,8.5,2.1,0.6,2.1,29.4,0.3,1.0,26.1,0.6,0.8,75.0,0.1,0.8,0.9,0.8,0.2,0.0,0.5,0.0,1117
Andrae Patterson,35,8.1,3.3,1.2,2.8,44.3,0.0,0.1,0.0,0.8,1.0,77.8,0.9,1.0,1.9,0.4,0.5,0.2,0.6,0.0,1119
Gerald Brown,33,7.2,2.4,1.0,2.7,37.1,0.1,0.3,30.0,0.3,0.4,78.6,0.2,0.5,0.7,0.9,0.1,0.0,0.7,0.0,1120
Ruben Patterson,24,6.0,2.7,0.9,2.1,41.2,0.0,0.3,16.7,0.9,1.3,71.0,0.7,0.5,1.3,0.1,0.2,0.1,0.5,1.0,1121
Nazr Mohammed,26,4.7,1.6,0.6,1.6,35.7,0.0,0.0,0.0,0.5,0.8,57.1,0.7,0.7,1.4,0.1,0.2,0.1,0.5,1.0,1122
Keith Van Horn,62,37.5,19.7,7.2,16.9,42.6,1.1,3.6,30.8,4.2,4.9,84.6,2.3,4.3,6.6,1.7,1.0,0.4,2.6,1.0,1123
Ron Mercer,80,33.3,15.3,6.4,14.3,45.0,0.0,0.4,10.7,2.4,2.8,83.9,1.4,2.1,3.5,2.2,1.6,0.2,1.6,1.0,1124
Brevin Knight,80,31.0,9.0,3.3,7.4,44.1,0.0,0.1,0.0,2.5,3.1,80.1,0.8,2.3,3.2,8.2,2.5,0.2,2.4,1.0,1125
Cedric Henderson,82,30.8,10.1,4.2,8.8,48.0,0.0,0.0,0.0,1.7,2.3,71.6,0.9,3.1,4.0,2.0,1.2,0.6,2.0,1.0,1126
Cedric Henderson,82,30.8,10.1,4.2,8.8,48.0,0.0,0.0,0.0,1.7,2.3,71.6,0.9,3.1,4.0,2.0,1.2,0.6,2.0,0.0,1127
Anthony Johnson,77,29.4,7.5,2.9,7.9,37.1,0.5,1.7,32.8,1.0,1.4,72.7,0.7,1.6,2.2,4.3,0.8,0.1,1.6,1.0,1130
Derek Anderson,66,27.9,11.7,3.6,8.9,40.8,0.3,1.3,20.2,4.2,4.8,87.3,0.8,2.0,2.8,3.4,1.3,0.2,1.9,1.0,1131
Chauncey Billups,80,27.7,11.2,3.5,9.4,37.4,1.3,4.1,32.9,2.8,3.3,85.0,0.8,1.6,2.4,3.9,1.3,0.1,2.2,1.0,1132
Antonio Daniels,74,26.4,7.8,3.1,7.4,41.6,0.1,0.7,21.2,1.5,2.3,65.9,0.3,1.6,1.9,4.5,0.7,0.1,2.2,1.0,1133
Tony Battie,65,23.2,8.4,3.6,8.1,44.6,0.0,0.2,21.4,1.1,1.6,70.2,2.1,3.3,5.4,0.9,0.8,1.1,1.5,1.0,1135
Tim Thomas,77,23.1,11.0,4.0,8.9,44.7,0.8,2.2,36.3,2.2,3.0,74.0,1.4,2.4,3.7,1.2,0.7,0.2,1.5,1.0,1136
Danny Fortson,80,22.6,10.2,3.5,7.6,45.2,0.0,0.0,33.3,3.3,4.2,77.6,2.3,3.3,5.6,1.0,0.6,0.4,2.0,1.0,1137
Lawrence Funderburke,52,21.0,9.5,3.7,7.5,49.0,0.0,0.1,14.3,2.1,3.1,67.9,1.5,3.0,4.5,1.2,0.4,0.3,1.2,1.0,1139
Rodrick Rhodes,58,18.4,5.8,1.9,5.3,36.7,0.0,0.1,25.0,1.9,3.1,61.7,0.5,0.7,1.2,1.9,1.1,0.2,1.7,0.0,1141
Tracy McGrady,64,18.4,7.0,2.8,6.2,45.0,0.2,0.6,34.1,1.2,1.7,71.2,1.6,2.6,4.2,1.5,0.8,0.9,1.0,1.0,1142
Rick Brunson,38,16.4,4.3,1.3,3.7,34.8,0.6,1.6,36.1,1.1,1.6,67.7,0.4,1.1,1.5,2.6,0.7,0.1,1.4,1.0,1143
Jerald Honeycutt,38,13.9,6.4,2.4,5.8,40.7,0.8,2.0,37.7,0.9,1.5,62.1,0.7,1.7,2.4,0.9,0.5,0.2,1.3,0.0,1144
Domantas Sabonis,34,21.1,6.4,2.6,6.0,43.9,1.0,2.4,39.8,0.1,0.2,57.1,0.5,3.1,3.6,1.3,0.6,0.5,1.1,0.0,1146
Adreian Payne,32,23.1,6.7,2.8,6.9,41.4,0.0,0.3,11.1,0.9,1.4,65.2,1.5,3.6,5.1,0.9,0.6,0.3,1.4,0.0,1147
Bubba Wells,39,10.1,3.3,1.2,3.0,41.4,0.0,0.2,16.7,0.8,1.1,72.1,0.6,1.2,1.7,0.9,0.4,0.1,0.8,0.0,1150
John Thomas,54,9.9,2.8,1.0,2.1,48.7,0.0,0.0,0.0,0.8,1.0,75.9,0.9,1.1,2.0,0.3,0.4,0.2,0.8,1.0,1151
Jacque Vaughn,45,9.3,3.1,1.0,2.7,36.1,0.1,0.2,37.5,1.1,1.5,70.6,0.1,0.8,0.8,1.9,0.2,0.0,1.2,1.0,1153
Chris Garner,38,7.7,1.4,0.6,1.8,32.9,0.1,0.4,28.6,0.1,0.2,42.9,0.2,0.4,0.6,1.2,0.6,0.1,0.7,0.0,1154
Anthony Parker,37,5.3,1.9,0.7,1.7,39.7,0.2,0.8,32.1,0.4,0.5,65.0,0.2,0.5,0.7,0.5,0.3,0.1,0.3,1.0,1156
Allen Iverson*,76,40.1,23.5,8.2,19.8,41.6,2.0,6.0,34.1,5.0,7.2,70.2,1.5,2.6,4.1,7.5,2.1,0.3,4.4,1.0,1157
Kerry Kittles,82,36.7,16.4,6.2,14.5,42.6,1.9,5.1,37.7,2.1,2.8,77.1,1.3,2.6,3.9,3.0,1.9,0.4,1.6,1.0,1158
Antoine Walker,82,36.2,17.5,7.0,16.5,42.5,0.6,1.9,32.7,2.8,4.5,63.1,3.5,5.5,9.0,3.2,1.3,0.7,2.8,1.0,1159
Shareef Abdur-Rahim,80,35.0,18.7,6.9,15.2,45.3,0.1,0.3,25.9,4.8,6.5,74.6,2.7,4.2,6.9,2.2,1.0,1.0,2.8,1.0,1160
Ray Allen,82,30.9,13.4,4.8,11.1,43.0,1.4,3.6,39.3,2.5,3.0,82.3,1.2,2.8,4.0,2.6,0.9,0.1,1.8,1.0,1162
Marcus Camby,63,30.1,14.8,6.0,12.3,48.2,0.0,0.2,14.3,2.9,4.2,69.3,2.1,4.2,6.3,1.5,1.1,2.1,2.1,1.0,1163
Matt Maloney,82,29.1,9.4,3.3,7.5,44.1,1.9,4.6,40.4,0.9,1.1,76.3,0.2,1.7,2.0,3.7,1.0,0.0,1.5,1.0,1164
Lorenzen Wright,77,25.1,7.3,3.1,6.4,48.1,0.0,0.1,25.0,1.1,1.9,58.7,2.7,3.4,6.1,0.6,0.6,0.8,1.0,1.0,1165
K.J. McDaniels,62,21.8,7.9,2.8,7.0,39.6,0.7,2.4,28.7,1.6,2.1,75.2,1.0,2.2,3.2,1.2,0.7,1.1,1.7,0.0,1166
Dean Garrett,68,24.5,8.0,3.3,5.7,57.3,0.0,0.0,0.0,1.4,2.0,69.6,2.2,5.1,7.3,0.6,0.6,1.4,0.5,1.0,1167
Travis Knight,71,16.3,4.8,2.0,3.9,50.9,0.0,0.0,0.0,0.9,1.4,62.0,1.8,2.7,4.5,0.5,0.4,0.8,0.7,1.0,1170
Kobe Bryant,71,15.5,7.6,2.5,5.9,41.7,0.7,1.9,37.5,1.9,2.3,81.9,0.7,1.2,1.9,1.3,0.7,0.3,1.6,1.0,1171
Othella Harrington,57,15.1,4.8,2.0,3.6,54.9,0.0,0.1,0.0,0.9,1.4,60.5,1.3,2.2,3.5,0.3,0.2,0.4,1.0,1.0,1173
Erick Dampier,72,14.6,5.1,1.8,4.7,39.0,0.0,0.0,100.0,1.5,2.3,63.7,1.3,2.8,4.1,0.6,0.3,1.0,1.2,1.0,1174
Rodney Hood,50,21.3,8.7,3.1,7.5,41.4,1.2,3.4,36.5,1.2,1.6,76.3,0.2,2.2,2.3,1.7,0.6,0.2,0.9,0.0,1175
Tony Delk,61,14.2,5.4,2.0,4.2,46.5,0.9,1.8,46.4,0.7,0.8,82.4,0.5,1.1,1.6,1.6,0.6,0.1,1.1,1.0,1176
Todd Fuller,75,12.7,4.1,1.5,3.5,42.9,0.0,0.0,0.0,1.0,1.5,69.1,1.4,1.9,3.3,0.3,0.1,0.3,0.7,1.0,1178
John Wallace,68,11.6,4.8,1.8,3.5,51.7,0.0,0.1,50.0,1.2,1.6,71.8,0.8,1.5,2.3,0.5,0.3,0.4,1.1,1.0,1179
Derek Fisher,80,11.5,3.9,1.3,3.3,39.7,0.3,0.9,30.1,1.0,1.5,65.8,0.3,0.9,1.2,1.5,0.5,0.1,0.9,1.0,1180
Ray Owes,57,10.4,3.1,1.3,3.2,41.7,0.0,0.1,20.0,0.5,0.8,56.5,1.1,1.7,2.9,0.3,0.3,0.3,0.4,0.0,1181
Jermaine O'Neal,45,10.2,4.1,1.5,3.4,45.1,0.0,0.0,0.0,1.0,1.7,60.3,0.9,1.9,2.8,0.2,0.0,0.6,0.6,1.0,1182
Brett Szabo,70,9.5,2.2,0.8,1.7,44.6,0.0,0.0,0.0,0.6,0.9,73.8,0.8,1.6,2.4,0.2,0.2,0.5,0.6,0.0,1184
Darvin Ham,36,8.8,2.3,0.9,1.7,53.2,0.0,0.0,0.0,0.5,1.0,48.6,0.8,0.8,1.6,0.4,0.3,0.2,0.6,1.0,1186
Steve Hamer,35,7.7,2.2,0.9,1.6,52.6,0.0,0.1,0.0,0.5,0.8,55.2,0.5,1.2,1.7,0.2,0.1,0.1,0.4,0.0,1187
Walter McCarty,35,5.5,1.8,0.7,1.9,38.2,0.1,0.4,28.6,0.2,0.4,57.1,0.2,0.4,0.7,0.4,0.2,0.3,0.5,1.0,1188
Michael Finley,82,39.2,15.0,5.7,11.9,47.6,0.7,2.3,32.8,3.0,3.9,74.9,1.7,2.9,4.6,3.5,1.0,0.4,1.6,1.0,1191
Joe Smith,82,34.4,15.3,5.7,12.5,45.8,0.1,0.3,35.7,3.7,4.8,77.3,3.7,5.1,8.7,1.0,1.0,1.6,1.7,1.0,1193
Bryant Reeves,77,31.9,13.3,5.2,11.4,45.7,0.0,0.0,0.0,2.8,3.9,73.2,2.3,5.1,7.4,1.4,0.6,0.7,2.0,1.0,1194
Tyus Edney,80,31.0,10.8,3.8,9.3,41.2,0.7,1.8,36.8,2.5,3.2,78.2,0.8,1.7,2.5,6.1,1.1,0.0,2.4,0.0,1195
Antonio McDyess,76,30.0,13.4,5.6,11.6,48.5,0.0,0.1,0.0,2.2,3.2,68.3,3.0,4.5,7.5,1.0,0.7,1.5,2.0,1.0,1196
Brent Barry,79,24.0,10.1,3.6,7.6,47.4,1.6,3.7,41.6,1.4,1.7,81.0,0.5,1.6,2.1,2.9,1.2,0.3,1.5,1.0,1199
Eric Williams,64,23.0,10.7,3.8,8.5,44.1,0.0,0.2,30.0,3.1,4.7,67.1,1.4,2.0,3.4,1.1,0.9,0.2,1.4,1.0,1200
Kurt Thomas,74,22.4,9.0,3.7,7.4,50.1,0.0,0.0,0.0,1.6,2.4,66.3,1.6,4.3,5.9,0.6,0.6,0.5,1.3,1.0,1201
Ashraf Amaya,54,20.4,6.3,2.2,4.7,48.0,0.0,0.0,0.0,1.8,2.8,65.1,2.1,3.5,5.6,0.6,0.4,0.2,1.1,0.0,1202
Theo Ratliff,75,17.4,4.5,1.7,3.1,55.7,0.0,0.0,0.0,1.1,1.6,70.8,1.5,2.5,4.0,0.2,0.2,1.6,0.8,1.0,1206
Anthony Goldwire,42,14.8,5.5,1.8,4.5,40.2,0.8,2.0,39.8,1.1,1.4,76.7,0.2,0.8,1.0,2.7,0.4,0.0,1.5,1.0,1207
Bob Sura,79,14.6,5.3,1.9,4.6,41.1,0.3,1.0,34.6,1.3,1.8,70.2,0.4,1.3,1.7,2.9,0.7,0.3,1.5,1.0,1208
Don Reid,69,14.4,3.8,1.5,2.7,56.7,0.0,0.0,0.0,0.7,1.1,66.2,1.1,1.8,2.9,0.2,0.7,0.6,0.6,1.0,1209
Jimmy King,62,14.0,4.5,1.8,4.1,43.1,0.1,0.5,14.7,0.9,1.2,70.1,0.7,1.1,1.8,1.4,0.3,0.2,1.0,0.0,1210
Shawn Respert,62,13.6,4.9,1.8,4.7,38.7,0.7,2.0,34.4,0.6,0.7,83.3,0.5,0.7,1.2,1.1,0.5,0.1,0.7,0.0,1211
Cherokee Parks,64,13.6,3.9,1.6,3.9,40.9,0.1,0.4,26.9,0.6,1.0,66.1,1.0,2.3,3.4,0.5,0.4,0.5,0.5,1.0,1213
Lawrence Moten,44,13.0,6.6,2.5,5.6,45.3,0.4,1.3,32.7,1.1,1.7,65.3,0.8,0.6,1.4,1.1,0.7,0.2,1.0,0.0,1214
Greg Ostertag,57,11.6,3.6,1.5,3.2,47.3,0.0,0.0,0.0,0.6,0.9,66.7,1.0,2.1,3.1,0.1,0.1,1.1,0.4,1.0,1215
Corliss Williamson,53,11.5,5.6,2.4,5.1,46.6,0.0,0.1,0.0,0.9,1.6,56.0,1.1,1.1,2.2,0.4,0.2,0.2,1.4,1.0,1216
Terrence Rencher,36,11.3,2.9,0.9,2.8,33.0,0.3,0.8,31.0,0.9,1.3,67.4,0.3,1.0,1.2,1.5,0.4,0.1,1.2,0.0,1217
Chris Carr,60,9.8,4.0,1.5,3.6,41.5,0.2,0.7,26.2,0.8,1.0,81.7,0.5,1.3,1.7,0.7,0.2,0.1,0.7,1.0,1218
Travis Best,59,9.7,3.7,1.2,2.8,42.3,0.1,0.4,32.0,1.3,1.5,83.3,0.2,0.6,0.7,1.6,0.3,0.1,1.1,1.0,1219
Jason Caffey,57,9.6,3.2,1.2,2.8,43.8,0.0,0.0,0.0,0.7,1.2,58.8,0.9,1.1,1.9,0.4,0.2,0.1,0.8,1.0,1220
Jerome Allen,41,8.8,2.6,0.9,2.6,34.3,0.2,0.8,30.3,0.6,0.9,72.2,0.1,0.5,0.6,1.2,0.5,0.1,0.8,0.0,1223
Junior Burrough,61,8.1,3.1,1.0,2.8,37.6,0.0,0.0,0.0,1.0,1.5,65.6,0.7,1.0,1.8,0.2,0.3,0.2,0.7,0.0,1224
Lou Roe,49,7.6,1.8,0.7,1.8,35.6,0.0,0.2,22.2,0.5,0.7,75.0,0.6,1.0,1.6,0.3,0.2,0.2,0.3,0.0,1225
Marques Bragg,53,7.0,2.5,1.0,2.3,45.0,0.0,0.0,0.0,0.4,0.8,56.1,0.7,0.8,1.5,0.2,0.3,0.1,0.5,0.0,1226
Grant Hill,70,38.3,19.9,7.3,15.2,47.7,0.1,0.4,14.8,5.3,7.3,73.2,1.8,4.6,6.4,5.0,1.8,0.9,2.9,1.0,1228
Glenn Robinson,80,37.0,21.9,8.0,17.6,45.1,1.1,3.4,32.1,5.0,6.2,79.6,2.1,4.3,6.4,2.5,1.4,0.3,3.9,0.0,1229
Glenn Robinson,80,37.0,21.9,8.0,17.6,45.1,1.1,3.4,32.1,5.0,6.2,79.6,2.1,4.3,6.4,2.5,1.4,0.3,3.9,1.0,1230
Tarik Black,63,19.0,6.0,2.5,4.3,57.5,0.0,0.0,0.0,1.0,1.9,55.1,2.3,3.6,5.8,0.7,0.3,0.4,0.8,0.0,1232
Jason Kidd,79,33.8,11.7,4.2,10.8,38.5,0.9,3.3,27.2,2.4,3.5,69.8,1.9,3.5,5.4,7.7,1.9,0.3,3.2,1.0,1233
Lamond Murray,81,31.6,14.1,5.4,13.5,40.2,0.8,2.7,29.8,2.5,3.3,75.4,1.6,2.7,4.4,1.6,0.9,0.7,2.0,1.0,1234
Eric Montross,78,29.7,10.0,3.9,7.4,53.4,0.0,0.0,0.0,2.1,3.4,63.5,2.5,4.7,7.3,0.5,0.4,0.8,1.4,1.0,1236
Brian Grant,80,28.6,13.2,5.2,10.1,51.1,0.0,0.1,25.0,2.9,4.5,63.6,2.6,4.9,7.5,1.2,0.6,1.4,2.0,1.0,1238
Sharone Wright,79,25.9,11.4,4.6,9.8,46.5,0.0,0.1,0.0,2.3,3.6,64.5,2.4,3.6,6.0,0.6,0.5,1.3,1.9,0.0,1239
Wesley Person,78,23.1,10.4,4.0,8.2,48.4,1.5,3.4,43.6,1.0,1.3,79.2,0.9,1.7,2.6,1.3,0.6,0.3,1.0,1.0,1240
Clifford Rozier,66,22.6,6.8,2.9,5.9,48.5,0.0,0.1,28.6,1.0,2.3,44.7,3.0,4.3,7.4,0.7,0.5,0.6,1.4,0.0,1241
Jalen Rose,81,22.2,8.2,2.8,6.2,45.4,0.4,1.4,31.6,2.1,2.9,73.9,0.7,2.0,2.7,4.8,0.8,0.3,2.0,1.0,1242
Tyler Johnson,32,18.8,5.9,2.2,5.2,41.9,0.6,1.5,37.5,1.0,1.5,68.1,0.4,2.1,2.5,1.3,1.0,0.3,0.9,0.0,1243
Khalid Reeves,67,21.8,9.2,3.1,6.9,44.3,1.0,2.6,39.2,2.1,2.9,71.4,0.8,2.0,2.8,4.3,1.1,0.1,2.0,1.0,1244
Aaron McKie,45,18.4,6.5,2.6,5.8,44.4,0.2,0.6,39.3,1.1,1.6,68.5,0.8,2.1,2.9,2.0,0.8,0.4,0.9,1.0,1246
Derrick Alston,64,16.1,4.7,1.9,4.0,46.5,0.0,0.1,0.0,0.9,1.9,49.2,1.5,1.9,3.4,0.5,0.6,0.6,0.8,0.0,1248
Anthony Tucker,62,15.8,3.9,1.5,3.4,45.7,0.0,0.0,0.0,0.8,1.3,61.4,0.7,2.0,2.7,1.1,0.7,0.2,0.9,0.0,1249
Greg Minor,63,15.0,6.0,2.5,4.8,51.5,0.0,0.2,16.7,1.0,1.2,83.3,0.8,1.4,2.2,1.0,0.5,0.3,0.7,1.0,1250
B.J. Tyler,55,14.7,3.5,1.3,3.4,38.1,0.3,0.9,31.4,0.6,0.9,70.0,0.2,0.9,1.1,3.2,0.7,0.0,1.8,0.0,1252
Eric Mobley,46,12.8,3.9,1.7,2.9,59.1,0.0,0.0,100.0,0.5,1.0,48.9,1.2,2.1,3.3,0.5,0.2,0.6,0.5,0.0,1253
Monty Williams,41,12.3,3.3,1.5,3.2,45.1,0.0,0.2,0.0,0.4,0.9,44.7,1.0,1.4,2.4,1.2,0.5,0.1,1.0,1.0,1254
Anthony Miller,46,11.5,4.1,1.5,2.9,53.0,0.0,0.1,40.0,1.0,1.7,61.8,1.5,1.8,3.3,0.8,0.4,0.1,0.8,1.0,1255
Howard Eisley,49,11.3,2.4,0.8,2.5,32.8,0.2,0.8,24.3,0.6,0.8,77.5,0.2,0.7,1.0,1.9,0.4,0.1,1.0,1.0,1256
Jamie Watson,60,11.2,3.3,1.3,2.5,50.0,0.1,0.3,26.3,0.6,0.9,67.9,0.3,1.0,1.2,1.0,0.6,0.2,0.8,0.0,1258
Tony Dumas,58,10.6,4.6,1.7,4.3,38.4,0.4,1.3,30.1,0.9,1.3,64.9,0.6,0.5,1.1,1.0,0.2,0.1,0.9,0.0,1259
Dickey Simpkins,59,9.9,3.5,1.3,3.1,42.4,0.0,0.0,0.0,0.8,1.2,69.4,1.0,1.5,2.6,0.6,0.2,0.1,0.8,1.0,1260
Dwayne Morton,41,9.6,4.1,1.2,3.1,38.8,0.2,0.6,36.0,1.4,2.1,68.2,0.5,0.9,1.4,0.4,0.3,0.4,0.7,0.0,1262
Darrin Hancock,46,9.2,3.3,1.5,2.6,56.2,0.0,0.1,33.3,0.3,0.8,41.0,0.3,0.8,1.2,0.7,0.4,0.1,0.7,0.0,1263
Trevor Ruffin,49,6.5,4.8,1.7,4.0,42.6,0.8,2.0,38.4,0.6,0.8,71.1,0.2,0.3,0.5,1.0,0.3,0.0,1.0,0.0,1265
Anfernee Hardaway,82,36.8,16.0,6.2,13.3,46.6,0.6,2.3,26.7,3.0,4.0,74.2,2.3,3.0,5.4,6.6,2.3,0.6,3.6,1.0,1267
Jamal Mashburn,79,36.7,19.2,7.1,17.5,40.6,1.1,3.8,28.4,3.9,5.5,69.9,1.4,3.1,4.5,3.4,1.1,0.2,3.1,1.0,1268
Nick Van Exel,81,33.3,13.6,5.1,13.0,39.4,1.5,4.5,33.8,1.9,2.4,78.1,0.6,2.4,2.9,5.8,1.1,0.1,1.8,1.0,1269
Chris Webber,76,32.1,17.5,7.5,13.6,55.2,0.0,0.2,0.0,2.5,4.7,53.2,4.0,5.1,9.1,3.6,1.2,2.2,2.7,1.0,1270
Aaron Gordon,47,17.0,5.2,2.0,4.4,44.7,0.3,1.0,27.1,0.9,1.3,72.1,1.0,2.6,3.6,0.7,0.5,0.5,0.8,0.0,1271
Isaiah Rider,79,30.6,16.6,6.6,14.1,46.8,0.7,1.9,36.0,2.7,3.4,81.1,1.5,2.5,4.0,2.6,0.7,0.3,2.8,1.0,1273
Lindsey Hunter,82,26.5,10.3,4.1,10.9,37.5,0.8,2.5,33.3,1.3,1.7,73.2,0.6,1.7,2.3,4.8,1.5,0.1,2.2,1.0,1274
Chris Mills,79,25.6,9.4,3.6,8.6,41.9,0.5,1.5,31.1,1.7,2.2,77.8,1.7,3.4,5.1,1.6,0.7,0.6,1.1,1.0,1275
Calbert Cheaney,65,24.7,12.0,5.0,10.7,47.0,0.0,0.4,4.3,1.9,2.5,77.0,1.4,1.6,2.9,1.9,1.0,0.1,1.7,1.0,1278
Bo Outlaw,37,23.5,6.9,2.6,4.5,58.7,0.0,0.1,0.0,1.6,2.8,59.2,2.2,3.5,5.7,1.0,1.0,1.0,0.8,1.0,1279
Allan Houston,79,19.2,8.5,3.4,8.5,40.5,0.4,1.5,29.9,1.1,1.4,82.4,0.2,1.3,1.5,1.3,0.4,0.2,1.3,1.0,1282
Harold Ellis,49,18.8,8.7,3.2,6.0,54.5,0.0,0.1,0.0,2.2,3.0,71.1,1.9,1.2,3.1,0.6,1.5,0.0,0.9,0.0,1283
Sam Cassell,66,17.0,6.7,2.5,5.9,41.8,0.4,1.3,29.5,1.4,1.6,84.1,0.4,1.7,2.0,2.9,0.9,0.1,1.4,1.0,1286
Bryon Russell,67,16.7,5.0,2.0,4.2,48.4,0.0,0.3,9.1,0.9,1.5,61.4,0.9,1.8,2.7,0.8,1.0,0.3,0.8,1.0,1287
Darren Morningstar,23,16.0,4.2,1.7,3.6,47.6,0.0,0.0,0.0,0.8,1.3,60.0,1.3,2.2,3.5,0.7,0.6,0.1,0.8,0.0,1288
Markel Brown,47,16.6,4.6,1.6,4.5,36.2,0.4,1.4,26.6,1.0,1.2,82.5,0.3,1.9,2.3,0.8,0.7,0.3,0.6,0.0,1289
Acie Earl,74,15.5,5.5,2.0,5.0,40.6,0.0,0.0,0.0,1.5,2.2,67.5,1.1,2.2,3.3,0.2,0.3,0.7,1.0,0.0,1290
Lucious Harris,77,15.1,5.4,2.1,5.0,42.1,0.1,0.4,21.2,1.1,1.5,73.1,0.6,1.5,2.0,1.4,0.6,0.1,1.0,1.0,1291
Scott Burrell,51,15.0,4.8,1.9,4.6,41.9,0.0,0.1,33.3,0.9,1.4,65.7,0.9,1.7,2.6,1.2,0.7,0.3,0.9,1.0,1292
Warren Kidd,68,13.0,3.6,1.5,2.5,59.2,0.0,0.0,0.0,0.7,1.3,54.7,1.1,2.3,3.4,0.3,0.3,0.3,0.7,0.0,1293
Greg Graham,70,12.7,4.8,1.7,4.4,40.0,0.0,0.4,8.0,1.3,1.6,83.6,0.3,0.9,1.2,0.9,0.9,0.1,0.9,1.0,1294
Mike Peplowski,55,12.1,3.2,1.4,2.6,53.9,0.0,0.0,0.0,0.4,0.8,54.5,0.9,2.2,3.1,0.4,0.3,0.5,0.6,0.0,1295
Terry Dehere,64,11.9,5.3,2.0,5.3,37.7,0.4,0.9,40.4,1.0,1.3,75.3,0.4,0.7,1.1,1.2,0.4,0.1,0.9,1.0,1296
James Robinson,58,11.6,4.8,1.8,4.9,36.5,0.4,1.3,31.5,0.8,1.2,67.2,0.6,0.8,1.3,1.2,0.5,0.3,0.9,1.0,1297
Corie Blount,67,10.3,3.0,1.1,2.6,43.7,0.0,0.0,0.0,0.7,1.1,61.3,1.1,1.8,2.9,0.8,0.3,0.5,0.8,1.0,1298
Cleanthony Early,39,16.6,5.4,1.9,5.5,35.5,0.6,2.2,26.2,0.9,1.2,75.0,0.6,1.9,2.5,0.9,0.6,0.3,1.0,0.0,1299
David Wesley,60,9.0,3.1,1.1,2.9,36.8,0.2,0.8,23.4,0.7,0.9,83.0,0.2,0.6,0.7,2.1,0.6,0.1,0.9,1.0,1300
Rex Walters,48,8.0,3.4,1.3,2.4,52.2,0.3,0.6,50.0,0.6,0.7,82.4,0.1,0.7,0.8,1.5,0.3,0.1,0.6,1.0,1302
Darnell Mee,38,7.5,1.9,0.7,2.3,31.8,0.1,0.6,20.8,0.3,0.7,44.4,0.4,0.5,0.9,0.4,0.4,0.3,0.5,0.0,1303
Josh Grant,53,7.2,3.0,1.1,2.8,40.4,0.3,1.2,27.9,0.4,0.5,75.9,0.5,1.2,1.7,0.5,0.3,0.1,0.6,0.0,1304
Brian Davis,68,5.5,1.9,0.6,1.9,31.7,0.0,0.0,33.3,0.7,1.0,73.5,0.3,0.5,0.8,0.3,0.2,0.1,0.3,0.0,1306
Eric Riley,47,4.7,1.9,0.7,1.5,48.6,0.0,0.0,0.0,0.4,0.8,54.1,0.5,0.7,1.3,0.2,0.1,0.2,0.3,1.0,1307
Shaquille O'Neal*,81,37.9,23.4,9.0,16.1,56.2,0.0,0.0,0.0,5.3,8.9,59.2,4.2,9.6,13.9,1.9,0.7,3.5,3.8,1.0,1308
Christian Laettner,81,34.9,18.2,6.2,13.1,47.4,0.0,0.5,10.0,5.7,6.8,83.5,2.1,6.6,8.7,2.8,1.3,1.0,3.4,1.0,1310
Alonzo Mourning*,78,33.9,21.0,7.3,14.3,51.1,0.0,0.0,0.0,6.3,8.1,78.1,3.4,6.9,10.3,1.0,0.3,3.5,3.0,1.0,1312
LaPhonso Ellis,82,33.5,14.7,5.9,11.7,50.4,0.0,0.2,15.4,2.9,3.9,74.8,3.3,5.7,9.1,1.8,0.9,1.4,1.9,1.0,1313
Clarence Weatherspoon,82,32.4,15.6,6.0,12.8,46.9,0.0,0.0,25.0,3.5,5.0,71.3,2.2,5.0,7.2,1.8,1.0,0.8,2.1,1.0,1314
Robert Horry,79,29.5,10.1,4.1,8.6,47.4,0.2,0.6,25.5,1.8,2.5,71.5,1.4,3.5,5.0,2.4,1.0,1.1,2.0,1.0,1315
Sean Rooks,72,29.0,13.5,5.1,10.4,49.3,0.0,0.0,0.0,3.3,5.4,60.2,2.7,4.7,7.4,1.3,0.5,1.1,2.2,1.0,1316
Walt Williams,59,28.4,17.0,6.1,13.9,43.5,1.0,3.2,31.9,3.8,5.1,74.2,1.9,2.5,4.5,3.0,1.1,0.5,3.0,1.0,1317
Anthony Avent,82,27.9,9.8,4.2,9.8,43.3,0.0,0.0,0.0,1.4,2.1,65.1,2.2,4.0,6.2,1.1,0.7,0.9,1.7,1.0,1318
Richard Dumas,48,27.5,15.8,6.3,12.0,52.4,0.0,0.1,33.3,3.2,4.5,70.7,2.1,2.6,4.6,1.3,1.8,0.8,1.9,0.0,1319
Todd Day,71,27.2,13.8,5.0,11.7,43.2,0.8,2.6,29.3,3.0,4.2,71.7,2.0,2.1,4.1,1.6,1.1,0.7,1.7,1.0,1320
Bryant Stith,39,22.2,8.9,3.2,7.1,44.6,0.0,0.1,0.0,2.5,3.1,83.2,1.0,2.2,3.2,1.3,0.6,0.1,1.1,1.0,1321
Doug Overton,45,22.0,8.1,3.4,7.2,47.1,0.1,0.3,23.1,1.3,1.8,72.8,0.6,1.8,2.4,3.5,0.7,0.1,1.6,1.0,1322
Anthony Peeler,77,21.5,10.4,3.9,8.2,46.8,0.6,1.5,39.0,2.1,2.7,78.6,0.8,1.5,2.3,2.2,0.8,0.2,1.6,1.0,1323
Walter Bond,74,21.3,8.0,3.1,7.6,40.2,0.1,0.6,16.7,1.7,2.3,77.2,0.7,1.9,2.6,1.6,1.0,0.2,1.5,0.0,1324
Lloyd Daniels,77,20.4,9.1,3.7,8.4,44.3,0.8,2.3,33.3,0.9,1.3,72.7,1.1,1.7,2.8,1.9,0.5,0.4,1.3,1.0,1326
Oliver Miller,56,19.1,5.6,2.2,4.6,47.5,0.0,0.1,0.0,1.3,1.8,71.0,1.3,3.7,4.9,2.1,0.7,1.8,1.9,1.0,1327
Harold Miner,73,18.9,10.3,4.0,8.4,47.5,0.0,0.1,33.3,2.2,2.9,76.2,1.0,1.0,2.0,1.0,0.5,0.1,1.3,0.0,1328
T.J. Warren,40,15.4,6.1,2.8,5.4,52.8,0.1,0.5,23.8,0.4,0.5,73.7,1.0,1.1,2.1,0.6,0.5,0.2,0.7,0.0,1329
Adam Keefe,82,18.9,6.6,2.3,4.6,50.0,0.0,0.0,0.0,2.0,2.9,70.0,2.1,3.2,5.3,1.0,0.7,0.2,1.2,1.0,1330
Lee Mayberry,82,18.3,5.2,2.1,4.6,45.6,0.5,1.3,39.1,0.5,0.8,57.4,0.3,1.1,1.4,3.3,0.7,0.1,1.0,1.0,1331
Chris Smith,80,15.8,4.3,1.6,3.6,43.3,0.0,0.2,14.3,1.2,1.5,79.2,0.4,0.8,1.2,2.5,0.6,0.2,0.8,0.0,1335
Brent Price,68,12.6,3.9,1.5,4.1,35.8,0.1,0.7,16.7,0.8,1.0,79.4,0.4,1.1,1.5,2.3,0.8,0.0,1.3,1.0,1336
Litterial Green,52,12.0,4.5,1.7,3.8,43.9,0.0,0.2,10.0,1.2,1.8,62.5,0.2,0.4,0.7,2.2,0.4,0.1,0.8,1.0,1338
Jon Barry,47,11.7,4.4,1.6,4.4,36.9,0.4,1.3,33.3,0.7,1.0,67.3,0.2,0.7,0.9,1.4,0.7,0.1,0.9,1.0,1339
